block	arm	seed	exit	start	end	dir
flat	flat_ppo	0	0	2026-07-09T23:32:03	2026-07-09T23:34:55	outputs/rl/flat_ppo_v8/flat_ppo_0
flat	flat_ppo_nom	0	0	2026-07-09T23:34:55	2026-07-09T23:35:16	outputs/rl/flat_ppo_v8/flat_ppo_nom_0
flat	flat_ppo	1	0	2026-07-09T23:35:16	2026-07-09T23:38:10	outputs/rl/flat_ppo_v8/flat_ppo_1
flat	flat_ppo_nom	1	0	2026-07-09T23:38:10	2026-07-09T23:38:32	outputs/rl/flat_ppo_v8/flat_ppo_nom_1
flat	flat_ppo	2	0	2026-07-09T23:38:32	2026-07-09T23:41:23	outputs/rl/flat_ppo_v8/flat_ppo_2
flat	flat_ppo_nom	2	0	2026-07-09T23:41:23	2026-07-09T23:41:45	outputs/rl/flat_ppo_v8/flat_ppo_nom_2
m3	quality_off	0	0	2026-07-09T23:41:45	2026-07-09T23:45:22	outputs/rl/m3_ablation_v8/quality_off_0
m3	quality_off	1	0	2026-07-09T23:45:22	2026-07-09T23:48:58	outputs/rl/m3_ablation_v8/quality_off_1
m3	quality_off	2	0	2026-07-09T23:48:58	2026-07-09T23:52:33	outputs/rl/m3_ablation_v8/quality_off_2
m3	warm_start	0	0	2026-07-09T23:52:33	2026-07-09T23:56:10	outputs/rl/m3_ablation_v8/warm_start_0
m3	warm_start	1	0	2026-07-09T23:56:10	2026-07-09T23:59:43	outputs/rl/m3_ablation_v8/warm_start_1
m3	warm_start	2	0	2026-07-09T23:59:43	2026-07-10T00:03:19	outputs/rl/m3_ablation_v8/warm_start_2
m3	no_slow_head	0	0	2026-07-10T00:03:19	2026-07-10T00:06:42	outputs/rl/m3_ablation_v8/no_slow_head_0
m3	no_slow_head	1	0	2026-07-10T00:06:42	2026-07-10T00:10:07	outputs/rl/m3_ablation_v8/no_slow_head_1
m3	no_slow_head	2	0	2026-07-10T00:10:07	2026-07-10T00:13:28	outputs/rl/m3_ablation_v8/no_slow_head_2
m4_uav	n2_proposed	0	0	2026-07-10T00:13:28	2026-07-10T00:13:43	outputs/rl/m4_generalization_v8/uav/n2_proposed_0
m4_uav	n2_proposed	1	0	2026-07-10T00:13:43	2026-07-10T00:13:59	outputs/rl/m4_generalization_v8/uav/n2_proposed_1
m4_uav	n2_proposed	2	0	2026-07-10T00:13:59	2026-07-10T00:14:14	outputs/rl/m4_generalization_v8/uav/n2_proposed_2
m4_uav	n2_no_lagrangian	0	0	2026-07-10T00:14:14	2026-07-10T00:14:30	outputs/rl/m4_generalization_v8/uav/n2_no_lagrangian_0
m4_uav	n2_no_lagrangian	1	0	2026-07-10T00:14:30	2026-07-10T00:14:45	outputs/rl/m4_generalization_v8/uav/n2_no_lagrangian_1
m4_uav	n2_no_lagrangian	2	0	2026-07-10T00:14:45	2026-07-10T00:15:00	outputs/rl/m4_generalization_v8/uav/n2_no_lagrangian_2
m4_uav	n2_fixed_penalty	0	0	2026-07-10T00:15:00	2026-07-10T00:15:15	outputs/rl/m4_generalization_v8/uav/n2_fixed_penalty_0
m4_uav	n2_fixed_penalty	1	0	2026-07-10T00:15:15	2026-07-10T00:15:30	outputs/rl/m4_generalization_v8/uav/n2_fixed_penalty_1
m4_uav	n2_fixed_penalty	2	0	2026-07-10T00:15:30	2026-07-10T00:15:44	outputs/rl/m4_generalization_v8/uav/n2_fixed_penalty_2
m4_uav	n2_bl_semantic_greedy	0	0	2026-07-10T00:15:44	2026-07-10T00:15:57	outputs/rl/m4_generalization_v8/uav/n2_bl_semantic_greedy_0
m4_uav	n2_bl_oracle_escalation_aware	0	0	2026-07-10T00:15:57	2026-07-10T00:16:11	outputs/rl/m4_generalization_v8/uav/n2_bl_oracle_escalation_aware_0
m4_uav	n3_proposed	0	0	2026-07-10T00:16:11	2026-07-10T00:16:26	outputs/rl/m4_generalization_v8/uav/n3_proposed_0
m4_uav	n3_proposed	1	0	2026-07-10T00:16:26	2026-07-10T00:16:42	outputs/rl/m4_generalization_v8/uav/n3_proposed_1
m4_uav	n3_proposed	2	0	2026-07-10T00:16:42	2026-07-10T00:16:58	outputs/rl/m4_generalization_v8/uav/n3_proposed_2
m4_uav	n3_no_lagrangian	0	0	2026-07-10T00:16:58	2026-07-10T00:17:15	outputs/rl/m4_generalization_v8/uav/n3_no_lagrangian_0
m4_uav	n3_no_lagrangian	1	0	2026-07-10T00:17:15	2026-07-10T00:17:31	outputs/rl/m4_generalization_v8/uav/n3_no_lagrangian_1
m4_uav	n3_no_lagrangian	2	0	2026-07-10T00:17:31	2026-07-10T00:17:47	outputs/rl/m4_generalization_v8/uav/n3_no_lagrangian_2
m4_uav	n3_fixed_penalty	0	0	2026-07-10T00:17:47	2026-07-10T00:18:02	outputs/rl/m4_generalization_v8/uav/n3_fixed_penalty_0
m4_uav	n3_fixed_penalty	1	0	2026-07-10T00:18:02	2026-07-10T00:18:17	outputs/rl/m4_generalization_v8/uav/n3_fixed_penalty_1
m4_uav	n3_fixed_penalty	2	0	2026-07-10T00:18:17	2026-07-10T00:18:33	outputs/rl/m4_generalization_v8/uav/n3_fixed_penalty_2
m4_uav	n3_bl_semantic_greedy	0	0	2026-07-10T00:18:33	2026-07-10T00:18:45	outputs/rl/m4_generalization_v8/uav/n3_bl_semantic_greedy_0
m4_uav	n3_bl_oracle_escalation_aware	0	0	2026-07-10T00:18:45	2026-07-10T00:19:01	outputs/rl/m4_generalization_v8/uav/n3_bl_oracle_escalation_aware_0
m4_uav	n4_proposed	0	0	2026-07-10T00:19:01	2026-07-10T00:19:17	outputs/rl/m4_generalization_v8/uav/n4_proposed_0
m4_uav	n4_proposed	1	0	2026-07-10T00:19:17	2026-07-10T00:19:34	outputs/rl/m4_generalization_v8/uav/n4_proposed_1
m4_uav	n4_proposed	2	0	2026-07-10T00:19:34	2026-07-10T00:19:49	outputs/rl/m4_generalization_v8/uav/n4_proposed_2
m4_uav	n4_no_lagrangian	0	0	2026-07-10T00:19:49	2026-07-10T00:20:08	outputs/rl/m4_generalization_v8/uav/n4_no_lagrangian_0
m4_uav	n4_no_lagrangian	1	0	2026-07-10T00:20:08	2026-07-10T00:20:25	outputs/rl/m4_generalization_v8/uav/n4_no_lagrangian_1
m4_uav	n4_no_lagrangian	2	0	2026-07-10T00:20:25	2026-07-10T00:20:41	outputs/rl/m4_generalization_v8/uav/n4_no_lagrangian_2
m4_uav	n4_fixed_penalty	0	0	2026-07-10T00:20:41	2026-07-10T00:20:57	outputs/rl/m4_generalization_v8/uav/n4_fixed_penalty_0
m4_uav	n4_fixed_penalty	1	0	2026-07-10T00:20:57	2026-07-10T00:21:14	outputs/rl/m4_generalization_v8/uav/n4_fixed_penalty_1
m4_uav	n4_fixed_penalty	2	0	2026-07-10T00:21:14	2026-07-10T00:21:29	outputs/rl/m4_generalization_v8/uav/n4_fixed_penalty_2
m4_uav	n4_bl_semantic_greedy	0	0	2026-07-10T00:21:29	2026-07-10T00:21:43	outputs/rl/m4_generalization_v8/uav/n4_bl_semantic_greedy_0
m4_uav	n4_bl_oracle_escalation_aware	0	0	2026-07-10T00:21:43	2026-07-10T00:21:59	outputs/rl/m4_generalization_v8/uav/n4_bl_oracle_escalation_aware_0
m4_uav	n6_proposed	0	0	2026-07-10T00:21:59	2026-07-10T00:22:17	outputs/rl/m4_generalization_v8/uav/n6_proposed_0
m4_uav	n6_proposed	1	0	2026-07-10T00:22:17	2026-07-10T00:22:36	outputs/rl/m4_generalization_v8/uav/n6_proposed_1
m4_uav	n6_proposed	2	0	2026-07-10T00:22:36	2026-07-10T00:22:53	outputs/rl/m4_generalization_v8/uav/n6_proposed_2
m4_uav	n6_no_lagrangian	0	0	2026-07-10T00:22:53	2026-07-10T00:23:14	outputs/rl/m4_generalization_v8/uav/n6_no_lagrangian_0
m4_uav	n6_no_lagrangian	1	0	2026-07-10T00:23:14	2026-07-10T00:23:32	outputs/rl/m4_generalization_v8/uav/n6_no_lagrangian_1
m4_uav	n6_no_lagrangian	2	0	2026-07-10T00:23:32	2026-07-10T00:23:50	outputs/rl/m4_generalization_v8/uav/n6_no_lagrangian_2
m4_uav	n6_fixed_penalty	0	0	2026-07-10T00:23:50	2026-07-10T00:24:07	outputs/rl/m4_generalization_v8/uav/n6_fixed_penalty_0
m4_uav	n6_fixed_penalty	1	0	2026-07-10T00:24:07	2026-07-10T00:24:25	outputs/rl/m4_generalization_v8/uav/n6_fixed_penalty_1
m4_uav	n6_fixed_penalty	2	0	2026-07-10T00:24:25	2026-07-10T00:24:43	outputs/rl/m4_generalization_v8/uav/n6_fixed_penalty_2
m4_uav	n6_bl_semantic_greedy	0	0	2026-07-10T00:24:43	2026-07-10T00:24:57	outputs/rl/m4_generalization_v8/uav/n6_bl_semantic_greedy_0
m4_uav	n6_bl_oracle_escalation_aware	0	0	2026-07-10T00:24:57	2026-07-10T00:25:16	outputs/rl/m4_generalization_v8/uav/n6_bl_oracle_escalation_aware_0
m4_uav	n8_proposed	0	0	2026-07-10T00:25:16	2026-07-10T00:25:35	outputs/rl/m4_generalization_v8/uav/n8_proposed_0
m4_uav	n8_proposed	1	0	2026-07-10T00:25:35	2026-07-10T00:25:55	outputs/rl/m4_generalization_v8/uav/n8_proposed_1
m4_uav	n8_proposed	2	0	2026-07-10T00:25:55	2026-07-10T00:26:14	outputs/rl/m4_generalization_v8/uav/n8_proposed_2
m4_uav	n8_no_lagrangian	0	0	2026-07-10T00:26:14	2026-07-10T00:26:36	outputs/rl/m4_generalization_v8/uav/n8_no_lagrangian_0
m4_uav	n8_no_lagrangian	1	0	2026-07-10T00:26:36	2026-07-10T00:26:55	outputs/rl/m4_generalization_v8/uav/n8_no_lagrangian_1
m4_uav	n8_no_lagrangian	2	0	2026-07-10T00:26:55	2026-07-10T00:27:14	outputs/rl/m4_generalization_v8/uav/n8_no_lagrangian_2
m4_uav	n8_fixed_penalty	0	0	2026-07-10T00:27:14	2026-07-10T00:27:33	outputs/rl/m4_generalization_v8/uav/n8_fixed_penalty_0
m4_uav	n8_fixed_penalty	1	0	2026-07-10T00:27:33	2026-07-10T00:27:52	outputs/rl/m4_generalization_v8/uav/n8_fixed_penalty_1
m4_uav	n8_fixed_penalty	2	0	2026-07-10T00:27:52	2026-07-10T00:28:10	outputs/rl/m4_generalization_v8/uav/n8_fixed_penalty_2
m4_uav	n8_bl_semantic_greedy	0	0	2026-07-10T00:28:10	2026-07-10T00:28:26	outputs/rl/m4_generalization_v8/uav/n8_bl_semantic_greedy_0
m4_uav	n8_bl_oracle_escalation_aware	0	0	2026-07-10T00:28:26	2026-07-10T00:28:46	outputs/rl/m4_generalization_v8/uav/n8_bl_oracle_escalation_aware_0
m4_arrival	t12_proposed	0	0	2026-07-10T00:28:46	2026-07-10T00:28:58	outputs/rl/m4_generalization_v8/arrival/t12_proposed_0
m4_arrival	t12_proposed	1	0	2026-07-10T00:28:58	2026-07-10T00:29:11	outputs/rl/m4_generalization_v8/arrival/t12_proposed_1
m4_arrival	t12_proposed	2	0	2026-07-10T00:29:11	2026-07-10T00:29:23	outputs/rl/m4_generalization_v8/arrival/t12_proposed_2
m4_arrival	t12_no_lagrangian	0	0	2026-07-10T00:29:23	2026-07-10T00:29:37	outputs/rl/m4_generalization_v8/arrival/t12_no_lagrangian_0
m4_arrival	t12_no_lagrangian	1	0	2026-07-10T00:29:37	2026-07-10T00:29:50	outputs/rl/m4_generalization_v8/arrival/t12_no_lagrangian_1
m4_arrival	t12_no_lagrangian	2	0	2026-07-10T00:29:50	2026-07-10T00:30:02	outputs/rl/m4_generalization_v8/arrival/t12_no_lagrangian_2
m4_arrival	t12_fixed_penalty	0	0	2026-07-10T00:30:02	2026-07-10T00:30:14	outputs/rl/m4_generalization_v8/arrival/t12_fixed_penalty_0
m4_arrival	t12_fixed_penalty	1	0	2026-07-10T00:30:14	2026-07-10T00:30:27	outputs/rl/m4_generalization_v8/arrival/t12_fixed_penalty_1
m4_arrival	t12_fixed_penalty	2	0	2026-07-10T00:30:27	2026-07-10T00:30:39	outputs/rl/m4_generalization_v8/arrival/t12_fixed_penalty_2
m4_arrival	t12_bl_semantic_greedy	0	0	2026-07-10T00:30:39	2026-07-10T00:30:49	outputs/rl/m4_generalization_v8/arrival/t12_bl_semantic_greedy_0
m4_arrival	t12_bl_oracle_escalation_aware	0	0	2026-07-10T00:30:49	2026-07-10T00:31:00	outputs/rl/m4_generalization_v8/arrival/t12_bl_oracle_escalation_aware_0
m4_arrival	t16_proposed	0	0	2026-07-10T00:31:00	2026-07-10T00:31:14	outputs/rl/m4_generalization_v8/arrival/t16_proposed_0
m4_arrival	t16_proposed	1	0	2026-07-10T00:31:14	2026-07-10T00:31:28	outputs/rl/m4_generalization_v8/arrival/t16_proposed_1
m4_arrival	t16_proposed	2	0	2026-07-10T00:31:28	2026-07-10T00:31:43	outputs/rl/m4_generalization_v8/arrival/t16_proposed_2
m4_arrival	t16_no_lagrangian	0	0	2026-07-10T00:31:43	2026-07-10T00:31:59	outputs/rl/m4_generalization_v8/arrival/t16_no_lagrangian_0
m4_arrival	t16_no_lagrangian	1	0	2026-07-10T00:31:59	2026-07-10T00:32:13	outputs/rl/m4_generalization_v8/arrival/t16_no_lagrangian_1
m4_arrival	t16_no_lagrangian	2	0	2026-07-10T00:32:13	2026-07-10T00:32:28	outputs/rl/m4_generalization_v8/arrival/t16_no_lagrangian_2
m4_arrival	t16_fixed_penalty	0	0	2026-07-10T00:32:28	2026-07-10T00:32:42	outputs/rl/m4_generalization_v8/arrival/t16_fixed_penalty_0
m4_arrival	t16_fixed_penalty	1	0	2026-07-10T00:32:42	2026-07-10T00:32:56	outputs/rl/m4_generalization_v8/arrival/t16_fixed_penalty_1
m4_arrival	t16_fixed_penalty	2	0	2026-07-10T00:32:56	2026-07-10T00:33:10	outputs/rl/m4_generalization_v8/arrival/t16_fixed_penalty_2
m4_arrival	t16_bl_semantic_greedy	0	0	2026-07-10T00:33:10	2026-07-10T00:33:22	outputs/rl/m4_generalization_v8/arrival/t16_bl_semantic_greedy_0
m4_arrival	t16_bl_oracle_escalation_aware	0	0	2026-07-10T00:33:22	2026-07-10T00:33:36	outputs/rl/m4_generalization_v8/arrival/t16_bl_oracle_escalation_aware_0
m4_arrival	t20_proposed	0	0	2026-07-10T00:33:36	2026-07-10T00:33:52	outputs/rl/m4_generalization_v8/arrival/t20_proposed_0
m4_arrival	t20_proposed	1	0	2026-07-10T00:33:52	2026-07-10T00:34:09	outputs/rl/m4_generalization_v8/arrival/t20_proposed_1
m4_arrival	t20_proposed	2	0	2026-07-10T00:34:09	2026-07-10T00:34:24	outputs/rl/m4_generalization_v8/arrival/t20_proposed_2
m4_arrival	t20_no_lagrangian	0	0	2026-07-10T00:34:24	2026-07-10T00:34:41	outputs/rl/m4_generalization_v8/arrival/t20_no_lagrangian_0
m4_arrival	t20_no_lagrangian	1	0	2026-07-10T00:34:41	2026-07-10T00:34:56	outputs/rl/m4_generalization_v8/arrival/t20_no_lagrangian_1
m4_arrival	t20_no_lagrangian	2	0	2026-07-10T00:34:56	2026-07-10T00:35:11	outputs/rl/m4_generalization_v8/arrival/t20_no_lagrangian_2
m4_arrival	t20_fixed_penalty	0	0	2026-07-10T00:35:11	2026-07-10T00:35:25	outputs/rl/m4_generalization_v8/arrival/t20_fixed_penalty_0
m4_arrival	t20_fixed_penalty	1	0	2026-07-10T00:35:25	2026-07-10T00:35:40	outputs/rl/m4_generalization_v8/arrival/t20_fixed_penalty_1
m4_arrival	t20_fixed_penalty	2	0	2026-07-10T00:35:40	2026-07-10T00:35:54	outputs/rl/m4_generalization_v8/arrival/t20_fixed_penalty_2
m4_arrival	t20_bl_semantic_greedy	0	0	2026-07-10T00:35:54	2026-07-10T00:36:06	outputs/rl/m4_generalization_v8/arrival/t20_bl_semantic_greedy_0
m4_arrival	t20_bl_oracle_escalation_aware	0	0	2026-07-10T00:36:06	2026-07-10T00:36:21	outputs/rl/m4_generalization_v8/arrival/t20_bl_oracle_escalation_aware_0
m4_arrival	t24_proposed	0	0	2026-07-10T00:36:21	2026-07-10T00:36:36	outputs/rl/m4_generalization_v8/arrival/t24_proposed_0
m4_arrival	t24_proposed	1	0	2026-07-10T00:36:36	2026-07-10T00:36:52	outputs/rl/m4_generalization_v8/arrival/t24_proposed_1
m4_arrival	t24_proposed	2	0	2026-07-10T00:36:52	2026-07-10T00:37:08	outputs/rl/m4_generalization_v8/arrival/t24_proposed_2
m4_arrival	t24_no_lagrangian	0	0	2026-07-10T00:37:08	2026-07-10T00:37:27	outputs/rl/m4_generalization_v8/arrival/t24_no_lagrangian_0
m4_arrival	t24_no_lagrangian	1	0	2026-07-10T00:37:27	2026-07-10T00:37:43	outputs/rl/m4_generalization_v8/arrival/t24_no_lagrangian_1
m4_arrival	t24_no_lagrangian	2	0	2026-07-10T00:37:43	2026-07-10T00:37:59	outputs/rl/m4_generalization_v8/arrival/t24_no_lagrangian_2
m4_arrival	t24_fixed_penalty	0	0	2026-07-10T00:37:59	2026-07-10T00:38:15	outputs/rl/m4_generalization_v8/arrival/t24_fixed_penalty_0
m4_arrival	t24_fixed_penalty	1	0	2026-07-10T00:38:15	2026-07-10T00:38:31	outputs/rl/m4_generalization_v8/arrival/t24_fixed_penalty_1
m4_arrival	t24_fixed_penalty	2	0	2026-07-10T00:38:31	2026-07-10T00:38:47	outputs/rl/m4_generalization_v8/arrival/t24_fixed_penalty_2
m4_arrival	t24_bl_semantic_greedy	0	0	2026-07-10T00:38:47	2026-07-10T00:39:00	outputs/rl/m4_generalization_v8/arrival/t24_bl_semantic_greedy_0
m4_arrival	t24_bl_oracle_escalation_aware	0	0	2026-07-10T00:39:00	2026-07-10T00:39:17	outputs/rl/m4_generalization_v8/arrival/t24_bl_oracle_escalation_aware_0
m4_arrival	t28_proposed	0	0	2026-07-10T00:39:17	2026-07-10T00:39:34	outputs/rl/m4_generalization_v8/arrival/t28_proposed_0
m4_arrival	t28_proposed	1	0	2026-07-10T00:39:34	2026-07-10T00:39:52	outputs/rl/m4_generalization_v8/arrival/t28_proposed_1
m4_arrival	t28_proposed	2	0	2026-07-10T00:39:52	2026-07-10T00:40:10	outputs/rl/m4_generalization_v8/arrival/t28_proposed_2
m4_arrival	t28_no_lagrangian	0	0	2026-07-10T00:40:10	2026-07-10T00:40:30	outputs/rl/m4_generalization_v8/arrival/t28_no_lagrangian_0
m4_arrival	t28_no_lagrangian	1	0	2026-07-10T00:40:30	2026-07-10T00:40:48	outputs/rl/m4_generalization_v8/arrival/t28_no_lagrangian_1
m4_arrival	t28_no_lagrangian	2	0	2026-07-10T00:40:48	2026-07-10T00:41:06	outputs/rl/m4_generalization_v8/arrival/t28_no_lagrangian_2
m4_arrival	t28_fixed_penalty	0	0	2026-07-10T00:41:06	2026-07-10T00:41:23	outputs/rl/m4_generalization_v8/arrival/t28_fixed_penalty_0
m4_arrival	t28_fixed_penalty	1	0	2026-07-10T00:41:23	2026-07-10T00:41:41	outputs/rl/m4_generalization_v8/arrival/t28_fixed_penalty_1
m4_arrival	t28_fixed_penalty	2	0	2026-07-10T00:41:41	2026-07-10T00:41:59	outputs/rl/m4_generalization_v8/arrival/t28_fixed_penalty_2
m4_arrival	t28_bl_semantic_greedy	0	0	2026-07-10T00:41:59	2026-07-10T00:42:13	outputs/rl/m4_generalization_v8/arrival/t28_bl_semantic_greedy_0
m4_arrival	t28_bl_oracle_escalation_aware	0	0	2026-07-10T00:42:13	2026-07-10T00:42:32	outputs/rl/m4_generalization_v8/arrival/t28_bl_oracle_escalation_aware_0
m4_snr	x4p5_proposed	0	0	2026-07-10T00:42:32	2026-07-10T00:42:46	outputs/rl/m4_generalization_v8/snr/x4p5_proposed_0
m4_snr	x4p5_proposed	1	0	2026-07-10T00:42:46	2026-07-10T00:43:01	outputs/rl/m4_generalization_v8/snr/x4p5_proposed_1
m4_snr	x4p5_proposed	2	0	2026-07-10T00:43:01	2026-07-10T00:43:15	outputs/rl/m4_generalization_v8/snr/x4p5_proposed_2
m4_snr	x4p5_no_lagrangian	0	0	2026-07-10T00:43:15	2026-07-10T00:43:31	outputs/rl/m4_generalization_v8/snr/x4p5_no_lagrangian_0
m4_snr	x4p5_no_lagrangian	1	0	2026-07-10T00:43:31	2026-07-10T00:43:46	outputs/rl/m4_generalization_v8/snr/x4p5_no_lagrangian_1
m4_snr	x4p5_no_lagrangian	2	0	2026-07-10T00:43:46	2026-07-10T00:44:00	outputs/rl/m4_generalization_v8/snr/x4p5_no_lagrangian_2
m4_snr	x4p5_fixed_penalty	0	0	2026-07-10T00:44:00	2026-07-10T00:44:14	outputs/rl/m4_generalization_v8/snr/x4p5_fixed_penalty_0
m4_snr	x4p5_fixed_penalty	1	0	2026-07-10T00:44:14	2026-07-10T00:44:29	outputs/rl/m4_generalization_v8/snr/x4p5_fixed_penalty_1
m4_snr	x4p5_fixed_penalty	2	0	2026-07-10T00:44:29	2026-07-10T00:44:43	outputs/rl/m4_generalization_v8/snr/x4p5_fixed_penalty_2
m4_snr	x4p5_bl_semantic_greedy	0	0	2026-07-10T00:44:43	2026-07-10T00:44:55	outputs/rl/m4_generalization_v8/snr/x4p5_bl_semantic_greedy_0
m4_snr	x4p5_bl_oracle_escalation_aware	0	0	2026-07-10T00:44:55	2026-07-10T00:45:09	outputs/rl/m4_generalization_v8/snr/x4p5_bl_oracle_escalation_aware_0
m4_snr	x8_proposed	0	0	2026-07-10T00:45:09	2026-07-10T00:45:23	outputs/rl/m4_generalization_v8/snr/x8_proposed_0
m4_snr	x8_proposed	1	0	2026-07-10T00:45:23	2026-07-10T00:45:38	outputs/rl/m4_generalization_v8/snr/x8_proposed_1
m4_snr	x8_proposed	2	0	2026-07-10T00:45:38	2026-07-10T00:45:52	outputs/rl/m4_generalization_v8/snr/x8_proposed_2
m4_snr	x8_no_lagrangian	0	0	2026-07-10T00:45:52	2026-07-10T00:46:08	outputs/rl/m4_generalization_v8/snr/x8_no_lagrangian_0
m4_snr	x8_no_lagrangian	1	0	2026-07-10T00:46:08	2026-07-10T00:46:23	outputs/rl/m4_generalization_v8/snr/x8_no_lagrangian_1
m4_snr	x8_no_lagrangian	2	0	2026-07-10T00:46:23	2026-07-10T00:46:37	outputs/rl/m4_generalization_v8/snr/x8_no_lagrangian_2
m4_snr	x8_fixed_penalty	0	0	2026-07-10T00:46:37	2026-07-10T00:46:51	outputs/rl/m4_generalization_v8/snr/x8_fixed_penalty_0
m4_snr	x8_fixed_penalty	1	0	2026-07-10T00:46:51	2026-07-10T00:47:06	outputs/rl/m4_generalization_v8/snr/x8_fixed_penalty_1
m4_snr	x8_fixed_penalty	2	0	2026-07-10T00:47:06	2026-07-10T00:47:20	outputs/rl/m4_generalization_v8/snr/x8_fixed_penalty_2
m4_snr	x8_bl_semantic_greedy	0	0	2026-07-10T00:47:20	2026-07-10T00:47:32	outputs/rl/m4_generalization_v8/snr/x8_bl_semantic_greedy_0
m4_snr	x8_bl_oracle_escalation_aware	0	0	2026-07-10T00:47:32	2026-07-10T00:47:47	outputs/rl/m4_generalization_v8/snr/x8_bl_oracle_escalation_aware_0
m4_snr	x12_proposed	0	0	2026-07-10T00:47:47	2026-07-10T00:48:01	outputs/rl/m4_generalization_v8/snr/x12_proposed_0
m4_snr	x12_proposed	1	0	2026-07-10T00:48:01	2026-07-10T00:48:16	outputs/rl/m4_generalization_v8/snr/x12_proposed_1
m4_snr	x12_proposed	2	0	2026-07-10T00:48:16	2026-07-10T00:48:30	outputs/rl/m4_generalization_v8/snr/x12_proposed_2
m4_snr	x12_no_lagrangian	0	0	2026-07-10T00:48:30	2026-07-10T00:48:46	outputs/rl/m4_generalization_v8/snr/x12_no_lagrangian_0
m4_snr	x12_no_lagrangian	1	0	2026-07-10T00:48:46	2026-07-10T00:49:01	outputs/rl/m4_generalization_v8/snr/x12_no_lagrangian_1
m4_snr	x12_no_lagrangian	2	0	2026-07-10T00:49:01	2026-07-10T00:49:15	outputs/rl/m4_generalization_v8/snr/x12_no_lagrangian_2
m4_snr	x12_fixed_penalty	0	0	2026-07-10T00:49:15	2026-07-10T00:49:29	outputs/rl/m4_generalization_v8/snr/x12_fixed_penalty_0
m4_snr	x12_fixed_penalty	1	0	2026-07-10T00:49:29	2026-07-10T00:49:44	outputs/rl/m4_generalization_v8/snr/x12_fixed_penalty_1
m4_snr	x12_fixed_penalty	2	0	2026-07-10T00:49:44	2026-07-10T00:49:58	outputs/rl/m4_generalization_v8/snr/x12_fixed_penalty_2
m4_snr	x12_bl_semantic_greedy	0	0	2026-07-10T00:49:58	2026-07-10T00:50:10	outputs/rl/m4_generalization_v8/snr/x12_bl_semantic_greedy_0
m4_snr	x12_bl_oracle_escalation_aware	0	0	2026-07-10T00:50:10	2026-07-10T00:50:25	outputs/rl/m4_generalization_v8/snr/x12_bl_oracle_escalation_aware_0
m4_snr	x16_proposed	0	0	2026-07-10T00:50:25	2026-07-10T00:50:39	outputs/rl/m4_generalization_v8/snr/x16_proposed_0
m4_snr	x16_proposed	1	0	2026-07-10T00:50:39	2026-07-10T00:50:54	outputs/rl/m4_generalization_v8/snr/x16_proposed_1
m4_snr	x16_proposed	2	0	2026-07-10T00:50:54	2026-07-10T00:51:08	outputs/rl/m4_generalization_v8/snr/x16_proposed_2
m4_snr	x16_no_lagrangian	0	0	2026-07-10T00:51:08	2026-07-10T00:51:24	outputs/rl/m4_generalization_v8/snr/x16_no_lagrangian_0
m4_snr	x16_no_lagrangian	1	0	2026-07-10T00:51:24	2026-07-10T00:51:39	outputs/rl/m4_generalization_v8/snr/x16_no_lagrangian_1
m4_snr	x16_no_lagrangian	2	0	2026-07-10T00:51:39	2026-07-10T00:51:53	outputs/rl/m4_generalization_v8/snr/x16_no_lagrangian_2
m4_snr	x16_fixed_penalty	0	0	2026-07-10T00:51:53	2026-07-10T00:52:08	outputs/rl/m4_generalization_v8/snr/x16_fixed_penalty_0
m4_snr	x16_fixed_penalty	1	0	2026-07-10T00:52:08	2026-07-10T00:52:22	outputs/rl/m4_generalization_v8/snr/x16_fixed_penalty_1
m4_snr	x16_fixed_penalty	2	0	2026-07-10T00:52:22	2026-07-10T00:52:36	outputs/rl/m4_generalization_v8/snr/x16_fixed_penalty_2
m4_snr	x16_bl_semantic_greedy	0	0	2026-07-10T00:52:36	2026-07-10T00:52:48	outputs/rl/m4_generalization_v8/snr/x16_bl_semantic_greedy_0
m4_snr	x16_bl_oracle_escalation_aware	0	0	2026-07-10T00:52:48	2026-07-10T00:53:02	outputs/rl/m4_generalization_v8/snr/x16_bl_oracle_escalation_aware_0
m4_snr	x20_proposed	0	0	2026-07-10T00:53:02	2026-07-10T00:53:17	outputs/rl/m4_generalization_v8/snr/x20_proposed_0
m4_snr	x20_proposed	1	0	2026-07-10T00:53:17	2026-07-10T00:53:32	outputs/rl/m4_generalization_v8/snr/x20_proposed_1
m4_snr	x20_proposed	2	0	2026-07-10T00:53:32	2026-07-10T00:53:46	outputs/rl/m4_generalization_v8/snr/x20_proposed_2
m4_snr	x20_no_lagrangian	0	0	2026-07-10T00:53:46	2026-07-10T00:54:02	outputs/rl/m4_generalization_v8/snr/x20_no_lagrangian_0
m4_snr	x20_no_lagrangian	1	0	2026-07-10T00:54:02	2026-07-10T00:54:17	outputs/rl/m4_generalization_v8/snr/x20_no_lagrangian_1
m4_snr	x20_no_lagrangian	2	0	2026-07-10T00:54:17	2026-07-10T00:54:31	outputs/rl/m4_generalization_v8/snr/x20_no_lagrangian_2
m4_snr	x20_fixed_penalty	0	0	2026-07-10T00:54:31	2026-07-10T00:54:46	outputs/rl/m4_generalization_v8/snr/x20_fixed_penalty_0
m4_snr	x20_fixed_penalty	1	0	2026-07-10T00:54:46	2026-07-10T00:55:00	outputs/rl/m4_generalization_v8/snr/x20_fixed_penalty_1
m4_snr	x20_fixed_penalty	2	0	2026-07-10T00:55:00	2026-07-10T00:55:14	outputs/rl/m4_generalization_v8/snr/x20_fixed_penalty_2
m4_snr	x20_bl_semantic_greedy	0	0	2026-07-10T00:55:14	2026-07-10T00:55:26	outputs/rl/m4_generalization_v8/snr/x20_bl_semantic_greedy_0
m4_snr	x20_bl_oracle_escalation_aware	0	0	2026-07-10T00:55:26	2026-07-10T00:55:41	outputs/rl/m4_generalization_v8/snr/x20_bl_oracle_escalation_aware_0
m4_i0	f120_proposed	0	0	2026-07-10T00:55:41	2026-07-10T00:55:55	outputs/rl/m4_generalization_v8/i0/f120_proposed_0
m4_i0	f120_proposed	1	0	2026-07-10T00:55:55	2026-07-10T00:56:09	outputs/rl/m4_generalization_v8/i0/f120_proposed_1
m4_i0	f120_proposed	2	0	2026-07-10T00:56:09	2026-07-10T00:56:24	outputs/rl/m4_generalization_v8/i0/f120_proposed_2
m4_i0	f120_no_lagrangian	0	0	2026-07-10T00:56:24	2026-07-10T00:56:40	outputs/rl/m4_generalization_v8/i0/f120_no_lagrangian_0
m4_i0	f120_no_lagrangian	1	0	2026-07-10T00:56:40	2026-07-10T00:56:54	outputs/rl/m4_generalization_v8/i0/f120_no_lagrangian_1
m4_i0	f120_no_lagrangian	2	0	2026-07-10T00:56:54	2026-07-10T00:57:09	outputs/rl/m4_generalization_v8/i0/f120_no_lagrangian_2
m4_i0	f120_fixed_penalty	0	0	2026-07-10T00:57:09	2026-07-10T00:57:23	outputs/rl/m4_generalization_v8/i0/f120_fixed_penalty_0
m4_i0	f120_fixed_penalty	1	0	2026-07-10T00:57:23	2026-07-10T00:57:38	outputs/rl/m4_generalization_v8/i0/f120_fixed_penalty_1
m4_i0	f120_fixed_penalty	2	0	2026-07-10T00:57:38	2026-07-10T00:57:52	outputs/rl/m4_generalization_v8/i0/f120_fixed_penalty_2
m4_i0	f120_bl_semantic_greedy	0	0	2026-07-10T00:57:52	2026-07-10T00:58:04	outputs/rl/m4_generalization_v8/i0/f120_bl_semantic_greedy_0
m4_i0	f120_bl_oracle_escalation_aware	0	0	2026-07-10T00:58:04	2026-07-10T00:58:18	outputs/rl/m4_generalization_v8/i0/f120_bl_oracle_escalation_aware_0
m4_i0	f119_proposed	0	0	2026-07-10T00:58:18	2026-07-10T00:58:32	outputs/rl/m4_generalization_v8/i0/f119_proposed_0
m4_i0	f119_proposed	1	0	2026-07-10T00:58:32	2026-07-10T00:58:47	outputs/rl/m4_generalization_v8/i0/f119_proposed_1
m4_i0	f119_proposed	2	0	2026-07-10T00:58:47	2026-07-10T00:59:01	outputs/rl/m4_generalization_v8/i0/f119_proposed_2
m4_i0	f119_no_lagrangian	0	0	2026-07-10T00:59:01	2026-07-10T00:59:17	outputs/rl/m4_generalization_v8/i0/f119_no_lagrangian_0
m4_i0	f119_no_lagrangian	1	0	2026-07-10T00:59:17	2026-07-10T00:59:32	outputs/rl/m4_generalization_v8/i0/f119_no_lagrangian_1
m4_i0	f119_no_lagrangian	2	0	2026-07-10T00:59:32	2026-07-10T00:59:47	outputs/rl/m4_generalization_v8/i0/f119_no_lagrangian_2
m4_i0	f119_fixed_penalty	0	0	2026-07-10T00:59:47	2026-07-10T01:00:01	outputs/rl/m4_generalization_v8/i0/f119_fixed_penalty_0
m4_i0	f119_fixed_penalty	1	0	2026-07-10T01:00:01	2026-07-10T01:00:15	outputs/rl/m4_generalization_v8/i0/f119_fixed_penalty_1
m4_i0	f119_fixed_penalty	2	0	2026-07-10T01:00:15	2026-07-10T01:00:30	outputs/rl/m4_generalization_v8/i0/f119_fixed_penalty_2
m4_i0	f119_bl_semantic_greedy	0	0	2026-07-10T01:00:30	2026-07-10T01:00:42	outputs/rl/m4_generalization_v8/i0/f119_bl_semantic_greedy_0
m4_i0	f119_bl_oracle_escalation_aware	0	0	2026-07-10T01:00:42	2026-07-10T01:00:56	outputs/rl/m4_generalization_v8/i0/f119_bl_oracle_escalation_aware_0
m4_i0	f118_proposed	0	0	2026-07-10T01:00:56	2026-07-10T01:01:10	outputs/rl/m4_generalization_v8/i0/f118_proposed_0
m4_i0	f118_proposed	1	0	2026-07-10T01:01:10	2026-07-10T01:01:25	outputs/rl/m4_generalization_v8/i0/f118_proposed_1
m4_i0	f118_proposed	2	0	2026-07-10T01:01:25	2026-07-10T01:01:39	outputs/rl/m4_generalization_v8/i0/f118_proposed_2
m4_i0	f118_no_lagrangian	0	0	2026-07-10T01:01:39	2026-07-10T01:01:55	outputs/rl/m4_generalization_v8/i0/f118_no_lagrangian_0
m4_i0	f118_no_lagrangian	1	0	2026-07-10T01:01:55	2026-07-10T01:02:10	outputs/rl/m4_generalization_v8/i0/f118_no_lagrangian_1
m4_i0	f118_no_lagrangian	2	0	2026-07-10T01:02:10	2026-07-10T01:02:24	outputs/rl/m4_generalization_v8/i0/f118_no_lagrangian_2
m4_i0	f118_fixed_penalty	0	0	2026-07-10T01:02:24	2026-07-10T01:02:38	outputs/rl/m4_generalization_v8/i0/f118_fixed_penalty_0
m4_i0	f118_fixed_penalty	1	0	2026-07-10T01:02:38	2026-07-10T01:02:53	outputs/rl/m4_generalization_v8/i0/f118_fixed_penalty_1
m4_i0	f118_fixed_penalty	2	0	2026-07-10T01:02:53	2026-07-10T01:03:07	outputs/rl/m4_generalization_v8/i0/f118_fixed_penalty_2
m4_i0	f118_bl_semantic_greedy	0	0	2026-07-10T01:03:07	2026-07-10T01:03:19	outputs/rl/m4_generalization_v8/i0/f118_bl_semantic_greedy_0
m4_i0	f118_bl_oracle_escalation_aware	0	0	2026-07-10T01:03:19	2026-07-10T01:03:34	outputs/rl/m4_generalization_v8/i0/f118_bl_oracle_escalation_aware_0
m4_i0	f117_proposed	0	0	2026-07-10T01:03:34	2026-07-10T01:03:48	outputs/rl/m4_generalization_v8/i0/f117_proposed_0
m4_i0	f117_proposed	1	0	2026-07-10T01:03:48	2026-07-10T01:04:03	outputs/rl/m4_generalization_v8/i0/f117_proposed_1
m4_i0	f117_proposed	2	0	2026-07-10T01:04:03	2026-07-10T01:04:17	outputs/rl/m4_generalization_v8/i0/f117_proposed_2
m4_i0	f117_no_lagrangian	0	0	2026-07-10T01:04:17	2026-07-10T01:04:33	outputs/rl/m4_generalization_v8/i0/f117_no_lagrangian_0
m4_i0	f117_no_lagrangian	1	0	2026-07-10T01:04:33	2026-07-10T01:04:48	outputs/rl/m4_generalization_v8/i0/f117_no_lagrangian_1
m4_i0	f117_no_lagrangian	2	0	2026-07-10T01:04:48	2026-07-10T01:05:02	outputs/rl/m4_generalization_v8/i0/f117_no_lagrangian_2
m4_i0	f117_fixed_penalty	0	0	2026-07-10T01:05:02	2026-07-10T01:05:16	outputs/rl/m4_generalization_v8/i0/f117_fixed_penalty_0
m4_i0	f117_fixed_penalty	1	0	2026-07-10T01:05:16	2026-07-10T01:05:31	outputs/rl/m4_generalization_v8/i0/f117_fixed_penalty_1
m4_i0	f117_fixed_penalty	2	0	2026-07-10T01:05:31	2026-07-10T01:05:45	outputs/rl/m4_generalization_v8/i0/f117_fixed_penalty_2
m4_i0	f117_bl_semantic_greedy	0	0	2026-07-10T01:05:45	2026-07-10T01:05:57	outputs/rl/m4_generalization_v8/i0/f117_bl_semantic_greedy_0
m4_i0	f117_bl_oracle_escalation_aware	0	0	2026-07-10T01:05:57	2026-07-10T01:06:12	outputs/rl/m4_generalization_v8/i0/f117_bl_oracle_escalation_aware_0
m4_i0	f116_proposed	0	0	2026-07-10T01:06:12	2026-07-10T01:06:26	outputs/rl/m4_generalization_v8/i0/f116_proposed_0
m4_i0	f116_proposed	1	0	2026-07-10T01:06:26	2026-07-10T01:06:41	outputs/rl/m4_generalization_v8/i0/f116_proposed_1
m4_i0	f116_proposed	2	0	2026-07-10T01:06:41	2026-07-10T01:06:55	outputs/rl/m4_generalization_v8/i0/f116_proposed_2
m4_i0	f116_no_lagrangian	0	0	2026-07-10T01:06:55	2026-07-10T01:07:11	outputs/rl/m4_generalization_v8/i0/f116_no_lagrangian_0
m4_i0	f116_no_lagrangian	1	0	2026-07-10T01:07:11	2026-07-10T01:07:25	outputs/rl/m4_generalization_v8/i0/f116_no_lagrangian_1
m4_i0	f116_no_lagrangian	2	0	2026-07-10T01:07:25	2026-07-10T01:07:40	outputs/rl/m4_generalization_v8/i0/f116_no_lagrangian_2
m4_i0	f116_fixed_penalty	0	0	2026-07-10T01:07:40	2026-07-10T01:07:54	outputs/rl/m4_generalization_v8/i0/f116_fixed_penalty_0
m4_i0	f116_fixed_penalty	1	0	2026-07-10T01:07:54	2026-07-10T01:08:08	outputs/rl/m4_generalization_v8/i0/f116_fixed_penalty_1
m4_i0	f116_fixed_penalty	2	0	2026-07-10T01:08:08	2026-07-10T01:08:22	outputs/rl/m4_generalization_v8/i0/f116_fixed_penalty_2
m4_i0	f116_bl_semantic_greedy	0	0	2026-07-10T01:08:22	2026-07-10T01:08:34	outputs/rl/m4_generalization_v8/i0/f116_bl_semantic_greedy_0
m4_i0	f116_bl_oracle_escalation_aware	0	0	2026-07-10T01:08:34	2026-07-10T01:08:49	outputs/rl/m4_generalization_v8/i0/f116_bl_oracle_escalation_aware_0
m4_zs	soft_proposed	0	0	2026-07-10T01:08:49	2026-07-10T01:09:10	outputs/rl/m4_generalization_v8/zs/soft_proposed_0
m4_zs	soft_proposed	1	0	2026-07-10T01:09:10	2026-07-10T01:09:32	outputs/rl/m4_generalization_v8/zs/soft_proposed_1
m4_zs	soft_proposed	2	0	2026-07-10T01:09:32	2026-07-10T01:09:53	outputs/rl/m4_generalization_v8/zs/soft_proposed_2
m4_zs	soft_no_lagrangian	0	0	2026-07-10T01:09:53	2026-07-10T01:10:14	outputs/rl/m4_generalization_v8/zs/soft_no_lagrangian_0
m4_zs	soft_no_lagrangian	1	0	2026-07-10T01:10:14	2026-07-10T01:10:36	outputs/rl/m4_generalization_v8/zs/soft_no_lagrangian_1
m4_zs	soft_no_lagrangian	2	0	2026-07-10T01:10:36	2026-07-10T01:10:57	outputs/rl/m4_generalization_v8/zs/soft_no_lagrangian_2
m4_zs	soft_fixed_penalty	0	0	2026-07-10T01:10:57	2026-07-10T01:11:18	outputs/rl/m4_generalization_v8/zs/soft_fixed_penalty_0
m4_zs	soft_fixed_penalty	1	0	2026-07-10T01:11:18	2026-07-10T01:11:40	outputs/rl/m4_generalization_v8/zs/soft_fixed_penalty_1
m4_zs	soft_fixed_penalty	2	0	2026-07-10T01:11:40	2026-07-10T01:12:00	outputs/rl/m4_generalization_v8/zs/soft_fixed_penalty_2
m4_zs	soft_bl_semantic_greedy	0	0	2026-07-10T01:12:00	2026-07-10T01:12:19	outputs/rl/m4_generalization_v8/zs/soft_bl_semantic_greedy_0
m4_zs	soft_bl_oracle_escalation_aware	0	0	2026-07-10T01:12:19	2026-07-10T01:12:38	outputs/rl/m4_generalization_v8/zs/soft_bl_oracle_escalation_aware_0
m4_zs	load15_proposed	0	0	2026-07-10T01:12:38	2026-07-10T01:12:56	outputs/rl/m4_generalization_v8/zs/load15_proposed_0
m4_zs	load15_proposed	1	0	2026-07-10T01:12:56	2026-07-10T01:13:15	outputs/rl/m4_generalization_v8/zs/load15_proposed_1
m4_zs	load15_proposed	2	0	2026-07-10T01:13:15	2026-07-10T01:13:33	outputs/rl/m4_generalization_v8/zs/load15_proposed_2
m4_zs	load15_no_lagrangian	0	0	2026-07-10T01:13:33	2026-07-10T01:13:55	outputs/rl/m4_generalization_v8/zs/load15_no_lagrangian_0
m4_zs	load15_no_lagrangian	1	0	2026-07-10T01:13:55	2026-07-10T01:14:13	outputs/rl/m4_generalization_v8/zs/load15_no_lagrangian_1
m4_zs	load15_no_lagrangian	2	0	2026-07-10T01:14:13	2026-07-10T01:14:32	outputs/rl/m4_generalization_v8/zs/load15_no_lagrangian_2
m4_zs	load15_fixed_penalty	0	0	2026-07-10T01:14:32	2026-07-10T01:14:50	outputs/rl/m4_generalization_v8/zs/load15_fixed_penalty_0
m4_zs	load15_fixed_penalty	1	0	2026-07-10T01:14:50	2026-07-10T01:15:08	outputs/rl/m4_generalization_v8/zs/load15_fixed_penalty_1
m4_zs	load15_fixed_penalty	2	0	2026-07-10T01:15:08	2026-07-10T01:15:27	outputs/rl/m4_generalization_v8/zs/load15_fixed_penalty_2
m4_zs	load15_bl_semantic_greedy	0	0	2026-07-10T01:15:27	2026-07-10T01:15:42	outputs/rl/m4_generalization_v8/zs/load15_bl_semantic_greedy_0
m4_zs	load15_bl_oracle_escalation_aware	0	0	2026-07-10T01:15:42	2026-07-10T01:16:02	outputs/rl/m4_generalization_v8/zs/load15_bl_oracle_escalation_aware_0
m4_zs	lowsnr_proposed	0	0	2026-07-10T01:16:02	2026-07-10T01:16:13	outputs/rl/m4_generalization_v8/zs/lowsnr_proposed_0
m4_zs	lowsnr_proposed	1	0	2026-07-10T01:16:13	2026-07-10T01:16:23	outputs/rl/m4_generalization_v8/zs/lowsnr_proposed_1
m4_zs	lowsnr_proposed	2	0	2026-07-10T01:16:23	2026-07-10T01:16:34	outputs/rl/m4_generalization_v8/zs/lowsnr_proposed_2
m4_zs	lowsnr_no_lagrangian	0	0	2026-07-10T01:16:34	2026-07-10T01:16:45	outputs/rl/m4_generalization_v8/zs/lowsnr_no_lagrangian_0
m4_zs	lowsnr_no_lagrangian	1	0	2026-07-10T01:16:45	2026-07-10T01:16:56	outputs/rl/m4_generalization_v8/zs/lowsnr_no_lagrangian_1
m4_zs	lowsnr_no_lagrangian	2	0	2026-07-10T01:16:56	2026-07-10T01:17:06	outputs/rl/m4_generalization_v8/zs/lowsnr_no_lagrangian_2
m4_zs	lowsnr_fixed_penalty	0	0	2026-07-10T01:17:06	2026-07-10T01:17:17	outputs/rl/m4_generalization_v8/zs/lowsnr_fixed_penalty_0
m4_zs	lowsnr_fixed_penalty	1	0	2026-07-10T01:17:17	2026-07-10T01:17:28	outputs/rl/m4_generalization_v8/zs/lowsnr_fixed_penalty_1
m4_zs	lowsnr_fixed_penalty	2	0	2026-07-10T01:17:28	2026-07-10T01:17:38	outputs/rl/m4_generalization_v8/zs/lowsnr_fixed_penalty_2
m4_zs	lowsnr_bl_semantic_greedy	0	0	2026-07-10T01:17:38	2026-07-10T01:17:47	outputs/rl/m4_generalization_v8/zs/lowsnr_bl_semantic_greedy_0
m4_zs	lowsnr_bl_oracle_escalation_aware	0	0	2026-07-10T01:17:47	2026-07-10T01:17:56	outputs/rl/m4_generalization_v8/zs/lowsnr_bl_oracle_escalation_aware_0
