episode,quality_cost,deadline_cost,lambda_quality,lambda_deadline,method,seed
0.0,0.8,0.55,0.0,0.0,service_only_ppo,0
1.0,0.55,0.725,0.0,0.0,service_only_ppo,0
2.0,1.0,0.325,0.0,0.0,service_only_ppo,0
3.0,1.0,0.45,0.0,0.0,service_only_ppo,0
4.0,0.825,0.5,0.0,0.0,service_only_ppo,0
5.0,1.0,0.275,0.0,0.0,service_only_ppo,0
6.0,0.25,0.7,0.0,0.0,service_only_ppo,0
7.0,0.65,0.5,0.0,0.0,service_only_ppo,0
8.0,0.625,0.475,0.0,0.0,service_only_ppo,0
9.0,0.8,0.425,0.0,0.0,service_only_ppo,0
10.0,0.725,0.575,0.0,0.0,service_only_ppo,0
11.0,0.85,0.45,0.0,0.0,service_only_ppo,0
12.0,0.85,0.525,0.0,0.0,service_only_ppo,0
13.0,0.525,0.4,0.0,0.0,service_only_ppo,0
14.0,0.7,0.55,0.0,0.0,service_only_ppo,0
15.0,0.725,0.55,0.0,0.0,service_only_ppo,0
16.0,0.725,0.5,0.0,0.0,service_only_ppo,0
17.0,0.325,0.625,0.0,0.0,service_only_ppo,0
18.0,0.45,0.575,0.0,0.0,service_only_ppo,0
19.0,1.0,0.425,0.0,0.0,service_only_ppo,0
20.0,0.975,0.6,0.0,0.0,service_only_ppo,0
21.0,0.6,0.525,0.0,0.0,service_only_ppo,0
22.0,0.975,0.6,0.0,0.0,service_only_ppo,0
23.0,0.8,0.575,0.0,0.0,service_only_ppo,0
24.0,1.0,0.475,0.0,0.0,service_only_ppo,0
25.0,0.925,0.5,0.0,0.0,service_only_ppo,0
26.0,0.975,0.475,0.0,0.0,service_only_ppo,0
27.0,0.625,0.5,0.0,0.0,service_only_ppo,0
28.0,1.0,0.6,0.0,0.0,service_only_ppo,0
29.0,0.825,0.575,0.0,0.0,service_only_ppo,0
30.0,1.0,0.525,0.0,0.0,service_only_ppo,0
31.0,1.0,0.475,0.0,0.0,service_only_ppo,0
32.0,0.525,0.45,0.0,0.0,service_only_ppo,0
33.0,0.6,0.45,0.0,0.0,service_only_ppo,0
34.0,0.875,0.325,0.0,0.0,service_only_ppo,0
35.0,0.55,0.4,0.0,0.0,service_only_ppo,0
36.0,0.975,0.375,0.0,0.0,service_only_ppo,0
37.0,0.525,0.45,0.0,0.0,service_only_ppo,0
38.0,0.975,0.45,0.0,0.0,service_only_ppo,0
39.0,0.975,0.2,0.0,0.0,service_only_ppo,0
40.0,0.8,0.15,0.0,0.0,service_only_ppo,0
41.0,0.675,0.275,0.0,0.0,service_only_ppo,0
42.0,0.65,0.3,0.0,0.0,service_only_ppo,0
43.0,0.975,0.2,0.0,0.0,service_only_ppo,0
44.0,0.85,0.15,0.0,0.0,service_only_ppo,0
45.0,0.975,0.1,0.0,0.0,service_only_ppo,0
46.0,1.0,0.05,0.0,0.0,service_only_ppo,0
47.0,0.975,0.125,0.0,0.0,service_only_ppo,0
48.0,0.975,0.075,0.0,0.0,service_only_ppo,0
49.0,0.875,0.1,0.0,0.0,service_only_ppo,0
50.0,0.925,0.05,0.0,0.0,service_only_ppo,0
51.0,0.9,0.1,0.0,0.0,service_only_ppo,0
52.0,0.975,0.05,0.0,0.0,service_only_ppo,0
53.0,0.975,0.05,0.0,0.0,service_only_ppo,0
54.0,0.975,0.0,0.0,0.0,service_only_ppo,0
55.0,1.0,0.0,0.0,0.0,service_only_ppo,0
56.0,0.9,0.075,0.0,0.0,service_only_ppo,0
57.0,0.95,0.05,0.0,0.0,service_only_ppo,0
58.0,0.975,0.0,0.0,0.0,service_only_ppo,0
59.0,0.975,0.025,0.0,0.0,service_only_ppo,0
60.0,0.95,0.025,0.0,0.0,service_only_ppo,0
61.0,1.0,0.0,0.0,0.0,service_only_ppo,0
62.0,1.0,0.0,0.0,0.0,service_only_ppo,0
63.0,1.0,0.0,0.0,0.0,service_only_ppo,0
64.0,0.975,0.0,0.0,0.0,service_only_ppo,0
65.0,0.975,0.0,0.0,0.0,service_only_ppo,0
66.0,1.0,0.0,0.0,0.0,service_only_ppo,0
67.0,0.975,0.0,0.0,0.0,service_only_ppo,0
68.0,0.975,0.0,0.0,0.0,service_only_ppo,0
69.0,1.0,0.0,0.0,0.0,service_only_ppo,0
70.0,0.975,0.0,0.0,0.0,service_only_ppo,0
71.0,1.0,0.0,0.0,0.0,service_only_ppo,0
72.0,1.0,0.025,0.0,0.0,service_only_ppo,0
73.0,1.0,0.0,0.0,0.0,service_only_ppo,0
74.0,0.975,0.0,0.0,0.0,service_only_ppo,0
75.0,1.0,0.0,0.0,0.0,service_only_ppo,0
76.0,0.975,0.0,0.0,0.0,service_only_ppo,0
77.0,0.975,0.0,0.0,0.0,service_only_ppo,0
78.0,1.0,0.0,0.0,0.0,service_only_ppo,0
79.0,0.975,0.0,0.0,0.0,service_only_ppo,0
80.0,0.975,0.0,0.0,0.0,service_only_ppo,0
81.0,0.975,0.0,0.0,0.0,service_only_ppo,0
82.0,1.0,0.0,0.0,0.0,service_only_ppo,0
83.0,1.0,0.0,0.0,0.0,service_only_ppo,0
84.0,0.975,0.0,0.0,0.0,service_only_ppo,0
85.0,0.95,0.0,0.0,0.0,service_only_ppo,0
86.0,0.975,0.0,0.0,0.0,service_only_ppo,0
87.0,0.975,0.025,0.0,0.0,service_only_ppo,0
88.0,0.975,0.0,0.0,0.0,service_only_ppo,0
89.0,0.95,0.0,0.0,0.0,service_only_ppo,0
90.0,0.95,0.025,0.0,0.0,service_only_ppo,0
91.0,0.95,0.05,0.0,0.0,service_only_ppo,0
92.0,1.0,0.0,0.0,0.0,service_only_ppo,0
93.0,0.975,0.0,0.0,0.0,service_only_ppo,0
94.0,0.975,0.0,0.0,0.0,service_only_ppo,0
95.0,0.975,0.0,0.0,0.0,service_only_ppo,0
96.0,0.95,0.025,0.0,0.0,service_only_ppo,0
97.0,0.95,0.0,0.0,0.0,service_only_ppo,0
98.0,0.975,0.0,0.0,0.0,service_only_ppo,0
99.0,0.95,0.0,0.0,0.0,service_only_ppo,0
100.0,1.0,0.0,0.0,0.0,service_only_ppo,0
101.0,0.95,0.0,0.0,0.0,service_only_ppo,0
102.0,0.95,0.0,0.0,0.0,service_only_ppo,0
103.0,0.95,0.025,0.0,0.0,service_only_ppo,0
104.0,1.0,0.0,0.0,0.0,service_only_ppo,0
105.0,0.95,0.0,0.0,0.0,service_only_ppo,0
106.0,1.0,0.0,0.0,0.0,service_only_ppo,0
107.0,0.975,0.0,0.0,0.0,service_only_ppo,0
108.0,0.975,0.0,0.0,0.0,service_only_ppo,0
109.0,1.0,0.0,0.0,0.0,service_only_ppo,0
110.0,0.975,0.0,0.0,0.0,service_only_ppo,0
111.0,1.0,0.0,0.0,0.0,service_only_ppo,0
112.0,0.975,0.025,0.0,0.0,service_only_ppo,0
113.0,1.0,0.0,0.0,0.0,service_only_ppo,0
114.0,0.975,0.0,0.0,0.0,service_only_ppo,0
115.0,1.0,0.0,0.0,0.0,service_only_ppo,0
116.0,1.0,0.0,0.0,0.0,service_only_ppo,0
117.0,0.975,0.0,0.0,0.0,service_only_ppo,0
118.0,0.95,0.0,0.0,0.0,service_only_ppo,0
119.0,0.95,0.0,0.0,0.0,service_only_ppo,0
0.0,0.8,0.575,0.0,0.0,hybrid_ppo,0
1.0,0.55,0.725,0.0,0.0,hybrid_ppo,0
2.0,1.0,0.275,0.0,0.0,hybrid_ppo,0
3.0,1.0,0.4,0.0,0.0,hybrid_ppo,0
4.0,0.825,0.5,0.0,0.0,hybrid_ppo,0
5.0,1.0,0.225,0.0,0.0,hybrid_ppo,0
6.0,0.25,0.7,0.0,0.0,hybrid_ppo,0
7.0,0.65,0.425,0.0,0.0,hybrid_ppo,0
8.0,0.625,0.45,0.0,0.0,hybrid_ppo,0
9.0,0.8,0.375,0.0,0.0,hybrid_ppo,0
10.0,0.725,0.425,0.0,0.0,hybrid_ppo,0
11.0,0.85,0.425,0.0,0.0,hybrid_ppo,0
12.0,0.85,0.475,0.0,0.0,hybrid_ppo,0
13.0,0.525,0.4,0.0,0.0,hybrid_ppo,0
14.0,0.7,0.525,0.0,0.0,hybrid_ppo,0
15.0,0.725,0.5,0.0,0.0,hybrid_ppo,0
16.0,0.775,0.375,0.0,0.0,hybrid_ppo,0
17.0,0.325,0.575,0.0,0.0,hybrid_ppo,0
18.0,0.6,0.55,0.0,0.0,hybrid_ppo,0
19.0,1.0,0.375,0.0,0.0,hybrid_ppo,0
20.0,0.975,0.425,0.0,0.0,hybrid_ppo,0
21.0,0.675,0.4,0.0,0.0,hybrid_ppo,0
22.0,0.975,0.5,0.0,0.0,hybrid_ppo,0
23.0,0.825,0.3,0.0,0.0,hybrid_ppo,0
24.0,1.0,0.3,0.0,0.0,hybrid_ppo,0
25.0,0.925,0.25,0.0,0.0,hybrid_ppo,0
26.0,0.975,0.25,0.0,0.0,hybrid_ppo,0
27.0,0.625,0.5,0.0,0.0,hybrid_ppo,0
28.0,0.4,0.55,0.0,0.0,hybrid_ppo,0
29.0,0.85,0.375,0.0,0.0,hybrid_ppo,0
30.0,1.0,0.325,0.0,0.0,hybrid_ppo,0
31.0,1.0,0.175,0.0,0.0,hybrid_ppo,0
32.0,0.5,0.475,0.0,0.0,hybrid_ppo,0
33.0,0.625,0.475,0.0,0.0,hybrid_ppo,0
34.0,0.875,0.35,0.0,0.0,hybrid_ppo,0
35.0,0.525,0.425,0.0,0.0,hybrid_ppo,0
36.0,0.975,0.175,0.0,0.0,hybrid_ppo,0
37.0,0.5,0.625,0.0,0.0,hybrid_ppo,0
38.0,0.975,0.325,0.0,0.0,hybrid_ppo,0
39.0,0.975,0.125,0.0,0.0,hybrid_ppo,0
40.0,0.825,0.15,0.0,0.0,hybrid_ppo,0
41.0,0.625,0.35,0.0,0.0,hybrid_ppo,0
42.0,0.675,0.275,0.0,0.0,hybrid_ppo,0
43.0,0.975,0.175,0.0,0.0,hybrid_ppo,0
44.0,0.775,0.2,0.0,0.0,hybrid_ppo,0
45.0,0.975,0.125,0.0,0.0,hybrid_ppo,0
46.0,1.0,0.025,0.0,0.0,hybrid_ppo,0
47.0,0.975,0.1,0.0,0.0,hybrid_ppo,0
48.0,0.975,0.05,0.0,0.0,hybrid_ppo,0
49.0,0.875,0.125,0.0,0.0,hybrid_ppo,0
50.0,0.925,0.05,0.0,0.0,hybrid_ppo,0
51.0,0.85,0.125,0.0,0.0,hybrid_ppo,0
52.0,0.95,0.075,0.0,0.0,hybrid_ppo,0
53.0,0.975,0.075,0.0,0.0,hybrid_ppo,0
54.0,0.875,0.1,0.0,0.0,hybrid_ppo,0
55.0,1.0,0.0,0.0,0.0,hybrid_ppo,0
56.0,0.9,0.1,0.0,0.0,hybrid_ppo,0
57.0,0.95,0.05,0.0,0.0,hybrid_ppo,0
58.0,0.975,0.0,0.0,0.0,hybrid_ppo,0
59.0,0.975,0.025,0.0,0.0,hybrid_ppo,0
60.0,0.95,0.025,0.0,0.0,hybrid_ppo,0
61.0,0.975,0.025,0.0,0.0,hybrid_ppo,0
62.0,1.0,0.0,0.0,0.0,hybrid_ppo,0
63.0,1.0,0.0,0.0,0.0,hybrid_ppo,0
64.0,0.975,0.0,0.0,0.0,hybrid_ppo,0
65.0,0.975,0.0,0.0,0.0,hybrid_ppo,0
66.0,1.0,0.025,0.0,0.0,hybrid_ppo,0
67.0,0.975,0.0,0.0,0.0,hybrid_ppo,0
68.0,0.975,0.0,0.0,0.0,hybrid_ppo,0
69.0,1.0,0.0,0.0,0.0,hybrid_ppo,0
70.0,0.975,0.0,0.0,0.0,hybrid_ppo,0
71.0,1.0,0.0,0.0,0.0,hybrid_ppo,0
72.0,1.0,0.025,0.0,0.0,hybrid_ppo,0
73.0,1.0,0.0,0.0,0.0,hybrid_ppo,0
74.0,0.975,0.0,0.0,0.0,hybrid_ppo,0
75.0,1.0,0.0,0.0,0.0,hybrid_ppo,0
76.0,0.975,0.0,0.0,0.0,hybrid_ppo,0
77.0,0.975,0.0,0.0,0.0,hybrid_ppo,0
78.0,1.0,0.0,0.0,0.0,hybrid_ppo,0
79.0,0.975,0.0,0.0,0.0,hybrid_ppo,0
80.0,0.975,0.0,0.0,0.0,hybrid_ppo,0
81.0,0.975,0.0,0.0,0.0,hybrid_ppo,0
82.0,1.0,0.0,0.0,0.0,hybrid_ppo,0
83.0,1.0,0.0,0.0,0.0,hybrid_ppo,0
84.0,0.975,0.0,0.0,0.0,hybrid_ppo,0
85.0,0.95,0.0,0.0,0.0,hybrid_ppo,0
86.0,0.975,0.0,0.0,0.0,hybrid_ppo,0
87.0,0.975,0.025,0.0,0.0,hybrid_ppo,0
88.0,0.975,0.0,0.0,0.0,hybrid_ppo,0
89.0,0.925,0.025,0.0,0.0,hybrid_ppo,0
90.0,0.95,0.025,0.0,0.0,hybrid_ppo,0
91.0,0.975,0.025,0.0,0.0,hybrid_ppo,0
92.0,1.0,0.0,0.0,0.0,hybrid_ppo,0
93.0,0.975,0.0,0.0,0.0,hybrid_ppo,0
94.0,0.975,0.0,0.0,0.0,hybrid_ppo,0
95.0,0.975,0.0,0.0,0.0,hybrid_ppo,0
96.0,0.95,0.025,0.0,0.0,hybrid_ppo,0
97.0,0.95,0.0,0.0,0.0,hybrid_ppo,0
98.0,0.975,0.0,0.0,0.0,hybrid_ppo,0
99.0,0.95,0.0,0.0,0.0,hybrid_ppo,0
100.0,1.0,0.0,0.0,0.0,hybrid_ppo,0
101.0,0.95,0.0,0.0,0.0,hybrid_ppo,0
102.0,0.95,0.0,0.0,0.0,hybrid_ppo,0
103.0,0.975,0.0,0.0,0.0,hybrid_ppo,0
104.0,1.0,0.0,0.0,0.0,hybrid_ppo,0
105.0,0.925,0.025,0.0,0.0,hybrid_ppo,0
106.0,1.0,0.0,0.0,0.0,hybrid_ppo,0
107.0,0.975,0.0,0.0,0.0,hybrid_ppo,0
108.0,0.975,0.0,0.0,0.0,hybrid_ppo,0
109.0,0.975,0.025,0.0,0.0,hybrid_ppo,0
110.0,0.975,0.0,0.0,0.0,hybrid_ppo,0
111.0,1.0,0.0,0.0,0.0,hybrid_ppo,0
112.0,0.975,0.025,0.0,0.0,hybrid_ppo,0
113.0,1.0,0.0,0.0,0.0,hybrid_ppo,0
114.0,0.975,0.0,0.0,0.0,hybrid_ppo,0
115.0,1.0,0.0,0.0,0.0,hybrid_ppo,0
116.0,1.0,0.0,0.0,0.0,hybrid_ppo,0
117.0,0.975,0.0,0.0,0.0,hybrid_ppo,0
118.0,0.95,0.0,0.0,0.0,hybrid_ppo,0
119.0,0.95,0.0,0.0,0.0,hybrid_ppo,0
0.0,0.8,0.575,0.04000000000000001,0.028749999999999998,hybrid_tch_ppo,0
1.0,0.55,0.725,0.0675,0.065,hybrid_tch_ppo,0
2.0,1.0,0.275,0.11750000000000001,0.07875,hybrid_tch_ppo,0
3.0,1.0,0.4,0.1675,0.09875,hybrid_tch_ppo,0
4.0,0.825,0.5,0.20875000000000002,0.12375,hybrid_tch_ppo,0
5.0,1.0,0.225,0.25875000000000004,0.135,hybrid_tch_ppo,0
6.0,0.25,0.7,0.27125000000000005,0.17,hybrid_tch_ppo,0
7.0,0.65,0.425,0.3037500000000001,0.19125,hybrid_tch_ppo,0
8.0,0.625,0.45,0.3350000000000001,0.21375,hybrid_tch_ppo,0
9.0,0.8,0.375,0.3750000000000001,0.23249999999999998,hybrid_tch_ppo,0
10.0,0.725,0.425,0.4112500000000001,0.25375,hybrid_tch_ppo,0
11.0,0.85,0.425,0.4537500000000001,0.27499999999999997,hybrid_tch_ppo,0
12.0,0.85,0.475,0.4962500000000001,0.29874999999999996,hybrid_tch_ppo,0
13.0,0.525,0.4,0.5225000000000001,0.31875,hybrid_tch_ppo,0
14.0,0.7,0.525,0.5575000000000001,0.345,hybrid_tch_ppo,0
15.0,0.725,0.5,0.5937500000000001,0.37,hybrid_tch_ppo,0
16.0,0.775,0.375,0.6325000000000001,0.38875,hybrid_tch_ppo,0
17.0,0.325,0.575,0.64875,0.4175,hybrid_tch_ppo,0
18.0,0.6,0.55,0.6787500000000001,0.445,hybrid_tch_ppo,0
19.0,1.0,0.375,0.7287500000000001,0.46375,hybrid_tch_ppo,0
20.0,0.975,0.425,0.7775000000000001,0.485,hybrid_tch_ppo,0
21.0,0.675,0.4,0.81125,0.505,hybrid_tch_ppo,0
22.0,0.975,0.5,0.86,0.53,hybrid_tch_ppo,0
23.0,0.8,0.45,0.9,0.5525,hybrid_tch_ppo,0
24.0,1.0,0.325,0.9500000000000001,0.56875,hybrid_tch_ppo,0
25.0,0.925,0.25,0.9962500000000001,0.5812499999999999,hybrid_tch_ppo,0
26.0,0.975,0.275,1.0450000000000002,0.595,hybrid_tch_ppo,0
27.0,0.625,0.475,1.0762500000000002,0.61875,hybrid_tch_ppo,0
28.0,0.375,0.575,1.0950000000000002,0.6475,hybrid_tch_ppo,0
29.0,0.85,0.375,1.1375000000000002,0.66625,hybrid_tch_ppo,0
30.0,1.0,0.35,1.1875000000000002,0.68375,hybrid_tch_ppo,0
31.0,1.0,0.2,1.2375000000000003,0.69375,hybrid_tch_ppo,0
32.0,0.475,0.475,1.2612500000000002,0.7175,hybrid_tch_ppo,0
33.0,0.625,0.475,1.2925000000000002,0.7412500000000001,hybrid_tch_ppo,0
34.0,0.85,0.375,1.3350000000000002,0.7600000000000001,hybrid_tch_ppo,0
35.0,0.475,0.475,1.3587500000000001,0.7837500000000002,hybrid_tch_ppo,0
36.0,0.975,0.15,1.4075000000000002,0.7912500000000001,hybrid_tch_ppo,0
37.0,0.5,0.525,1.4325,0.8175000000000001,hybrid_tch_ppo,0
38.0,0.975,0.3,1.4812500000000002,0.8325000000000001,hybrid_tch_ppo,0
39.0,0.975,0.1,1.5300000000000002,0.8375000000000001,hybrid_tch_ppo,0
40.0,0.875,0.1,1.5737500000000002,0.8425000000000001,hybrid_tch_ppo,0
41.0,0.625,0.325,1.6050000000000002,0.8587500000000001,hybrid_tch_ppo,0
42.0,0.65,0.3,1.6375000000000002,0.8737500000000001,hybrid_tch_ppo,0
43.0,0.975,0.2,1.6862500000000002,0.8837500000000001,hybrid_tch_ppo,0
44.0,0.875,0.15,1.7300000000000002,0.8912500000000001,hybrid_tch_ppo,0
45.0,0.975,0.1,1.7787500000000003,0.8962500000000001,hybrid_tch_ppo,0
46.0,1.0,0.05,1.8287500000000003,0.89875,hybrid_tch_ppo,0
47.0,1.0,0.025,1.8787500000000004,0.9,hybrid_tch_ppo,0
48.0,0.975,0.025,1.9275000000000004,0.90125,hybrid_tch_ppo,0
49.0,0.95,0.05,1.9750000000000005,0.9037499999999999,hybrid_tch_ppo,0
50.0,0.95,0.025,2.0225000000000004,0.9049999999999999,hybrid_tch_ppo,0
51.0,1.0,0.0,2.0725000000000002,0.9049999999999999,hybrid_tch_ppo,0
52.0,1.0,0.0,2.1225,0.9049999999999999,hybrid_tch_ppo,0
53.0,0.975,0.025,2.17125,0.9062499999999999,hybrid_tch_ppo,0
54.0,0.975,0.0,2.22,0.9062499999999999,hybrid_tch_ppo,0
55.0,1.0,0.0,2.27,0.9062499999999999,hybrid_tch_ppo,0
56.0,0.975,0.0,2.31875,0.9062499999999999,hybrid_tch_ppo,0
57.0,1.0,0.0,2.36875,0.9062499999999999,hybrid_tch_ppo,0
58.0,0.975,0.0,2.4175,0.9062499999999999,hybrid_tch_ppo,0
59.0,0.975,0.0,2.46625,0.9062499999999999,hybrid_tch_ppo,0
60.0,0.975,0.0,2.515,0.9062499999999999,hybrid_tch_ppo,0
61.0,1.0,0.0,2.565,0.9062499999999999,hybrid_tch_ppo,0
62.0,1.0,0.0,2.6149999999999998,0.9062499999999999,hybrid_tch_ppo,0
63.0,1.0,0.0,2.6649999999999996,0.9062499999999999,hybrid_tch_ppo,0
64.0,0.975,0.0,2.7137499999999997,0.9062499999999999,hybrid_tch_ppo,0
65.0,0.975,0.0,2.7624999999999997,0.9062499999999999,hybrid_tch_ppo,0
66.0,1.0,0.0,2.8124999999999996,0.9062499999999999,hybrid_tch_ppo,0
67.0,0.975,0.0,2.8612499999999996,0.9062499999999999,hybrid_tch_ppo,0
68.0,0.975,0.0,2.9099999999999997,0.9062499999999999,hybrid_tch_ppo,0
69.0,1.0,0.0,2.9599999999999995,0.9062499999999999,hybrid_tch_ppo,0
70.0,0.975,0.0,3.0087499999999996,0.9062499999999999,hybrid_tch_ppo,0
71.0,1.0,0.0,3.0587499999999994,0.9062499999999999,hybrid_tch_ppo,0
72.0,1.0,0.0,3.1087499999999992,0.9062499999999999,hybrid_tch_ppo,0
73.0,1.0,0.0,3.158749999999999,0.9062499999999999,hybrid_tch_ppo,0
74.0,0.975,0.0,3.207499999999999,0.9062499999999999,hybrid_tch_ppo,0
75.0,1.0,0.0,3.257499999999999,0.9062499999999999,hybrid_tch_ppo,0
76.0,0.975,0.0,3.306249999999999,0.9062499999999999,hybrid_tch_ppo,0
77.0,0.975,0.0,3.354999999999999,0.9062499999999999,hybrid_tch_ppo,0
78.0,1.0,0.0,3.404999999999999,0.9062499999999999,hybrid_tch_ppo,0
79.0,0.975,0.0,3.453749999999999,0.9062499999999999,hybrid_tch_ppo,0
80.0,0.975,0.0,3.502499999999999,0.9062499999999999,hybrid_tch_ppo,0
81.0,0.975,0.0,3.551249999999999,0.9062499999999999,hybrid_tch_ppo,0
82.0,1.0,0.0,3.601249999999999,0.9062499999999999,hybrid_tch_ppo,0
83.0,1.0,0.0,3.6512499999999988,0.9062499999999999,hybrid_tch_ppo,0
84.0,0.975,0.0,3.699999999999999,0.9062499999999999,hybrid_tch_ppo,0
85.0,0.95,0.0,3.7474999999999987,0.9062499999999999,hybrid_tch_ppo,0
86.0,0.975,0.0,3.796249999999999,0.9062499999999999,hybrid_tch_ppo,0
87.0,1.0,0.0,3.8462499999999986,0.9062499999999999,hybrid_tch_ppo,0
88.0,0.95,0.025,3.8937499999999985,0.9074999999999999,hybrid_tch_ppo,0
89.0,0.95,0.0,3.9412499999999984,0.9074999999999999,hybrid_tch_ppo,0
90.0,0.95,0.025,3.9887499999999982,0.9087499999999998,hybrid_tch_ppo,0
91.0,1.0,0.0,4.0387499999999985,0.9087499999999998,hybrid_tch_ppo,0
92.0,1.0,0.0,4.088749999999998,0.9087499999999998,hybrid_tch_ppo,0
93.0,0.975,0.0,4.137499999999998,0.9087499999999998,hybrid_tch_ppo,0
94.0,0.975,0.0,4.1862499999999985,0.9087499999999998,hybrid_tch_ppo,0
95.0,0.975,0.0,4.2349999999999985,0.9087499999999998,hybrid_tch_ppo,0
96.0,0.95,0.0,4.282499999999999,0.9087499999999998,hybrid_tch_ppo,0
97.0,0.95,0.0,4.329999999999999,0.9087499999999998,hybrid_tch_ppo,0
98.0,0.975,0.0,4.378749999999999,0.9087499999999998,hybrid_tch_ppo,0
99.0,0.95,0.0,4.42625,0.9087499999999998,hybrid_tch_ppo,0
100.0,1.0,0.0,4.476249999999999,0.9087499999999998,hybrid_tch_ppo,0
101.0,0.95,0.0,4.52375,0.9087499999999998,hybrid_tch_ppo,0
102.0,0.95,0.0,4.57125,0.9087499999999998,hybrid_tch_ppo,0
103.0,0.975,0.0,4.62,0.9087499999999998,hybrid_tch_ppo,0
104.0,1.0,0.0,4.67,0.9087499999999998,hybrid_tch_ppo,0
105.0,0.95,0.0,4.7175,0.9087499999999998,hybrid_tch_ppo,0
106.0,1.0,0.0,4.7675,0.9087499999999998,hybrid_tch_ppo,0
107.0,0.975,0.0,4.81625,0.9087499999999998,hybrid_tch_ppo,0
108.0,0.975,0.0,4.865,0.9087499999999998,hybrid_tch_ppo,0
109.0,1.0,0.0,4.915,0.9087499999999998,hybrid_tch_ppo,0
110.0,0.975,0.0,4.96375,0.9087499999999998,hybrid_tch_ppo,0
111.0,1.0,0.0,5.01375,0.9087499999999998,hybrid_tch_ppo,0
112.0,1.0,0.0,5.06375,0.9087499999999998,hybrid_tch_ppo,0
113.0,1.0,0.0,5.11375,0.9087499999999998,hybrid_tch_ppo,0
114.0,0.975,0.0,5.1625,0.9087499999999998,hybrid_tch_ppo,0
115.0,1.0,0.0,5.2124999999999995,0.9087499999999998,hybrid_tch_ppo,0
116.0,1.0,0.0,5.262499999999999,0.9087499999999998,hybrid_tch_ppo,0
117.0,0.975,0.0,5.311249999999999,0.9087499999999998,hybrid_tch_ppo,0
118.0,0.95,0.0,5.35875,0.9087499999999998,hybrid_tch_ppo,0
119.0,0.95,0.0,5.40625,0.9087499999999998,hybrid_tch_ppo,0
0.0,0.55,0.4,0.0,0.0,service_only_ppo,1
1.0,1.0,0.35,0.0,0.0,service_only_ppo,1
2.0,0.725,0.375,0.0,0.0,service_only_ppo,1
3.0,0.775,0.475,0.0,0.0,service_only_ppo,1
4.0,0.975,0.325,0.0,0.0,service_only_ppo,1
5.0,0.45,0.525,0.0,0.0,service_only_ppo,1
6.0,0.7,0.425,0.0,0.0,service_only_ppo,1
7.0,0.6,0.475,0.0,0.0,service_only_ppo,1
8.0,0.775,0.275,0.0,0.0,service_only_ppo,1
9.0,0.725,0.425,0.0,0.0,service_only_ppo,1
10.0,0.875,0.425,0.0,0.0,service_only_ppo,1
11.0,0.925,0.45,0.0,0.0,service_only_ppo,1
12.0,1.0,0.2,0.0,0.0,service_only_ppo,1
13.0,0.725,0.325,0.0,0.0,service_only_ppo,1
14.0,0.675,0.325,0.0,0.0,service_only_ppo,1
15.0,0.85,0.15,0.0,0.0,service_only_ppo,1
16.0,0.675,0.25,0.0,0.0,service_only_ppo,1
17.0,0.7,0.275,0.0,0.0,service_only_ppo,1
18.0,0.975,0.175,0.0,0.0,service_only_ppo,1
19.0,0.975,0.175,0.0,0.0,service_only_ppo,1
20.0,0.725,0.35,0.0,0.0,service_only_ppo,1
21.0,0.65,0.3,0.0,0.0,service_only_ppo,1
22.0,0.875,0.25,0.0,0.0,service_only_ppo,1
23.0,1.0,0.275,0.0,0.0,service_only_ppo,1
24.0,0.95,0.1,0.0,0.0,service_only_ppo,1
25.0,1.0,0.175,0.0,0.0,service_only_ppo,1
26.0,0.7,0.275,0.0,0.0,service_only_ppo,1
27.0,0.75,0.225,0.0,0.0,service_only_ppo,1
28.0,0.9,0.225,0.0,0.0,service_only_ppo,1
29.0,1.0,0.25,0.0,0.0,service_only_ppo,1
30.0,0.825,0.225,0.0,0.0,service_only_ppo,1
31.0,0.85,0.125,0.0,0.0,service_only_ppo,1
32.0,0.875,0.1,0.0,0.0,service_only_ppo,1
33.0,0.9,0.1,0.0,0.0,service_only_ppo,1
34.0,0.8,0.15,0.0,0.0,service_only_ppo,1
35.0,0.875,0.075,0.0,0.0,service_only_ppo,1
36.0,0.95,0.05,0.0,0.0,service_only_ppo,1
37.0,0.95,0.075,0.0,0.0,service_only_ppo,1
38.0,1.0,0.0,0.0,0.0,service_only_ppo,1
39.0,0.9,0.075,0.0,0.0,service_only_ppo,1
40.0,0.925,0.025,0.0,0.0,service_only_ppo,1
41.0,0.975,0.0,0.0,0.0,service_only_ppo,1
42.0,0.975,0.075,0.0,0.0,service_only_ppo,1
43.0,0.975,0.025,0.0,0.0,service_only_ppo,1
44.0,0.975,0.0,0.0,0.0,service_only_ppo,1
45.0,0.925,0.0,0.0,0.0,service_only_ppo,1
46.0,1.0,0.0,0.0,0.0,service_only_ppo,1
47.0,0.975,0.025,0.0,0.0,service_only_ppo,1
48.0,1.0,0.0,0.0,0.0,service_only_ppo,1
49.0,0.9,0.075,0.0,0.0,service_only_ppo,1
50.0,0.95,0.05,0.0,0.0,service_only_ppo,1
51.0,1.0,0.0,0.0,0.0,service_only_ppo,1
52.0,0.975,0.025,0.0,0.0,service_only_ppo,1
53.0,0.975,0.0,0.0,0.0,service_only_ppo,1
54.0,1.0,0.0,0.0,0.0,service_only_ppo,1
55.0,0.95,0.025,0.0,0.0,service_only_ppo,1
56.0,1.0,0.0,0.0,0.0,service_only_ppo,1
57.0,0.975,0.0,0.0,0.0,service_only_ppo,1
58.0,0.975,0.0,0.0,0.0,service_only_ppo,1
59.0,0.975,0.0,0.0,0.0,service_only_ppo,1
60.0,1.0,0.0,0.0,0.0,service_only_ppo,1
61.0,1.0,0.0,0.0,0.0,service_only_ppo,1
62.0,1.0,0.0,0.0,0.0,service_only_ppo,1
63.0,0.975,0.0,0.0,0.0,service_only_ppo,1
64.0,0.975,0.0,0.0,0.0,service_only_ppo,1
65.0,1.0,0.0,0.0,0.0,service_only_ppo,1
66.0,0.975,0.0,0.0,0.0,service_only_ppo,1
67.0,0.975,0.0,0.0,0.0,service_only_ppo,1
68.0,1.0,0.0,0.0,0.0,service_only_ppo,1
69.0,0.95,0.025,0.0,0.0,service_only_ppo,1
70.0,1.0,0.0,0.0,0.0,service_only_ppo,1
71.0,1.0,0.0,0.0,0.0,service_only_ppo,1
72.0,1.0,0.0,0.0,0.0,service_only_ppo,1
73.0,0.975,0.0,0.0,0.0,service_only_ppo,1
74.0,1.0,0.0,0.0,0.0,service_only_ppo,1
75.0,0.975,0.0,0.0,0.0,service_only_ppo,1
76.0,0.975,0.0,0.0,0.0,service_only_ppo,1
77.0,1.0,0.0,0.0,0.0,service_only_ppo,1
78.0,0.975,0.0,0.0,0.0,service_only_ppo,1
79.0,0.975,0.0,0.0,0.0,service_only_ppo,1
80.0,0.975,0.0,0.0,0.0,service_only_ppo,1
81.0,1.0,0.0,0.0,0.0,service_only_ppo,1
82.0,1.0,0.0,0.0,0.0,service_only_ppo,1
83.0,0.975,0.0,0.0,0.0,service_only_ppo,1
84.0,0.95,0.0,0.0,0.0,service_only_ppo,1
85.0,0.975,0.0,0.0,0.0,service_only_ppo,1
86.0,1.0,0.0,0.0,0.0,service_only_ppo,1
87.0,0.975,0.0,0.0,0.0,service_only_ppo,1
88.0,0.95,0.0,0.0,0.0,service_only_ppo,1
89.0,0.975,0.0,0.0,0.0,service_only_ppo,1
90.0,1.0,0.0,0.0,0.0,service_only_ppo,1
91.0,0.975,0.025,0.0,0.0,service_only_ppo,1
92.0,0.95,0.025,0.0,0.0,service_only_ppo,1
93.0,0.975,0.0,0.0,0.0,service_only_ppo,1
94.0,0.975,0.0,0.0,0.0,service_only_ppo,1
95.0,0.95,0.0,0.0,0.0,service_only_ppo,1
96.0,0.95,0.0,0.0,0.0,service_only_ppo,1
97.0,0.95,0.025,0.0,0.0,service_only_ppo,1
98.0,0.95,0.0,0.0,0.0,service_only_ppo,1
99.0,1.0,0.0,0.0,0.0,service_only_ppo,1
100.0,0.95,0.0,0.0,0.0,service_only_ppo,1
101.0,0.95,0.0,0.0,0.0,service_only_ppo,1
102.0,0.975,0.0,0.0,0.0,service_only_ppo,1
103.0,1.0,0.0,0.0,0.0,service_only_ppo,1
104.0,0.95,0.0,0.0,0.0,service_only_ppo,1
105.0,1.0,0.0,0.0,0.0,service_only_ppo,1
106.0,0.975,0.0,0.0,0.0,service_only_ppo,1
107.0,0.975,0.0,0.0,0.0,service_only_ppo,1
108.0,1.0,0.0,0.0,0.0,service_only_ppo,1
109.0,0.975,0.0,0.0,0.0,service_only_ppo,1
110.0,1.0,0.0,0.0,0.0,service_only_ppo,1
111.0,1.0,0.0,0.0,0.0,service_only_ppo,1
112.0,1.0,0.0,0.0,0.0,service_only_ppo,1
113.0,0.975,0.0,0.0,0.0,service_only_ppo,1
114.0,0.975,0.025,0.0,0.0,service_only_ppo,1
115.0,1.0,0.0,0.0,0.0,service_only_ppo,1
116.0,0.975,0.0,0.0,0.0,service_only_ppo,1
117.0,0.95,0.0,0.0,0.0,service_only_ppo,1
118.0,0.95,0.0,0.0,0.0,service_only_ppo,1
119.0,1.0,0.0,0.0,0.0,service_only_ppo,1
0.0,0.55,0.4,0.0,0.0,hybrid_ppo,1
1.0,1.0,0.325,0.0,0.0,hybrid_ppo,1
2.0,0.725,0.375,0.0,0.0,hybrid_ppo,1
3.0,0.775,0.45,0.0,0.0,hybrid_ppo,1
4.0,0.975,0.325,0.0,0.0,hybrid_ppo,1
5.0,0.45,0.5,0.0,0.0,hybrid_ppo,1
6.0,0.7,0.425,0.0,0.0,hybrid_ppo,1
7.0,0.6,0.475,0.0,0.0,hybrid_ppo,1
8.0,0.75,0.25,0.0,0.0,hybrid_ppo,1
9.0,0.725,0.4,0.0,0.0,hybrid_ppo,1
10.0,0.875,0.425,0.0,0.0,hybrid_ppo,1
11.0,0.95,0.425,0.0,0.0,hybrid_ppo,1
12.0,1.0,0.2,0.0,0.0,hybrid_ppo,1
13.0,0.725,0.325,0.0,0.0,hybrid_ppo,1
14.0,0.675,0.325,0.0,0.0,hybrid_ppo,1
15.0,0.85,0.15,0.0,0.0,hybrid_ppo,1
16.0,0.725,0.225,0.0,0.0,hybrid_ppo,1
17.0,0.725,0.25,0.0,0.0,hybrid_ppo,1
18.0,0.975,0.2,0.0,0.0,hybrid_ppo,1
19.0,0.975,0.15,0.0,0.0,hybrid_ppo,1
20.0,0.725,0.325,0.0,0.0,hybrid_ppo,1
21.0,0.725,0.25,0.0,0.0,hybrid_ppo,1
22.0,0.825,0.275,0.0,0.0,hybrid_ppo,1
23.0,1.0,0.25,0.0,0.0,hybrid_ppo,1
24.0,0.95,0.075,0.0,0.0,hybrid_ppo,1
25.0,1.0,0.175,0.0,0.0,hybrid_ppo,1
26.0,0.725,0.25,0.0,0.0,hybrid_ppo,1
27.0,0.775,0.2,0.0,0.0,hybrid_ppo,1
28.0,0.9,0.225,0.0,0.0,hybrid_ppo,1
29.0,1.0,0.275,0.0,0.0,hybrid_ppo,1
30.0,0.825,0.225,0.0,0.0,hybrid_ppo,1
31.0,0.85,0.125,0.0,0.0,hybrid_ppo,1
32.0,0.85,0.125,0.0,0.0,hybrid_ppo,1
33.0,0.9,0.1,0.0,0.0,hybrid_ppo,1
34.0,0.775,0.2,0.0,0.0,hybrid_ppo,1
35.0,0.875,0.075,0.0,0.0,hybrid_ppo,1
36.0,0.95,0.05,0.0,0.0,hybrid_ppo,1
37.0,0.95,0.125,0.0,0.0,hybrid_ppo,1
38.0,1.0,0.0,0.0,0.0,hybrid_ppo,1
39.0,0.9,0.075,0.0,0.0,hybrid_ppo,1
40.0,0.875,0.075,0.0,0.0,hybrid_ppo,1
41.0,0.925,0.05,0.0,0.0,hybrid_ppo,1
42.0,0.975,0.05,0.0,0.0,hybrid_ppo,1
43.0,0.975,0.025,0.0,0.0,hybrid_ppo,1
44.0,0.975,0.0,0.0,0.0,hybrid_ppo,1
45.0,0.925,0.0,0.0,0.0,hybrid_ppo,1
46.0,1.0,0.0,0.0,0.0,hybrid_ppo,1
47.0,0.975,0.025,0.0,0.0,hybrid_ppo,1
48.0,1.0,0.0,0.0,0.0,hybrid_ppo,1
49.0,0.925,0.05,0.0,0.0,hybrid_ppo,1
50.0,0.95,0.05,0.0,0.0,hybrid_ppo,1
51.0,1.0,0.0,0.0,0.0,hybrid_ppo,1
52.0,0.975,0.025,0.0,0.0,hybrid_ppo,1
53.0,0.975,0.0,0.0,0.0,hybrid_ppo,1
54.0,1.0,0.0,0.0,0.0,hybrid_ppo,1
55.0,0.95,0.025,0.0,0.0,hybrid_ppo,1
56.0,1.0,0.0,0.0,0.0,hybrid_ppo,1
57.0,0.975,0.0,0.0,0.0,hybrid_ppo,1
58.0,0.975,0.0,0.0,0.0,hybrid_ppo,1
59.0,0.975,0.0,0.0,0.0,hybrid_ppo,1
60.0,1.0,0.0,0.0,0.0,hybrid_ppo,1
61.0,1.0,0.0,0.0,0.0,hybrid_ppo,1
62.0,1.0,0.0,0.0,0.0,hybrid_ppo,1
63.0,0.975,0.0,0.0,0.0,hybrid_ppo,1
64.0,0.975,0.0,0.0,0.0,hybrid_ppo,1
65.0,1.0,0.0,0.0,0.0,hybrid_ppo,1
66.0,0.975,0.0,0.0,0.0,hybrid_ppo,1
67.0,0.975,0.0,0.0,0.0,hybrid_ppo,1
68.0,1.0,0.0,0.0,0.0,hybrid_ppo,1
69.0,0.95,0.025,0.0,0.0,hybrid_ppo,1
70.0,1.0,0.0,0.0,0.0,hybrid_ppo,1
71.0,1.0,0.0,0.0,0.0,hybrid_ppo,1
72.0,1.0,0.0,0.0,0.0,hybrid_ppo,1
73.0,0.975,0.0,0.0,0.0,hybrid_ppo,1
74.0,1.0,0.0,0.0,0.0,hybrid_ppo,1
75.0,0.975,0.0,0.0,0.0,hybrid_ppo,1
76.0,0.975,0.0,0.0,0.0,hybrid_ppo,1
77.0,1.0,0.0,0.0,0.0,hybrid_ppo,1
78.0,0.975,0.0,0.0,0.0,hybrid_ppo,1
79.0,0.975,0.0,0.0,0.0,hybrid_ppo,1
80.0,0.975,0.0,0.0,0.0,hybrid_ppo,1
81.0,1.0,0.0,0.0,0.0,hybrid_ppo,1
82.0,1.0,0.0,0.0,0.0,hybrid_ppo,1
83.0,0.975,0.0,0.0,0.0,hybrid_ppo,1
84.0,0.95,0.0,0.0,0.0,hybrid_ppo,1
85.0,0.975,0.0,0.0,0.0,hybrid_ppo,1
86.0,1.0,0.0,0.0,0.0,hybrid_ppo,1
87.0,0.975,0.0,0.0,0.0,hybrid_ppo,1
88.0,0.95,0.0,0.0,0.0,hybrid_ppo,1
89.0,0.975,0.0,0.0,0.0,hybrid_ppo,1
90.0,1.0,0.0,0.0,0.0,hybrid_ppo,1
91.0,0.975,0.025,0.0,0.0,hybrid_ppo,1
92.0,0.95,0.025,0.0,0.0,hybrid_ppo,1
93.0,0.975,0.0,0.0,0.0,hybrid_ppo,1
94.0,0.975,0.0,0.0,0.0,hybrid_ppo,1
95.0,0.95,0.0,0.0,0.0,hybrid_ppo,1
96.0,0.95,0.0,0.0,0.0,hybrid_ppo,1
97.0,0.925,0.05,0.0,0.0,hybrid_ppo,1
98.0,0.95,0.0,0.0,0.0,hybrid_ppo,1
99.0,1.0,0.0,0.0,0.0,hybrid_ppo,1
100.0,0.95,0.0,0.0,0.0,hybrid_ppo,1
101.0,0.95,0.0,0.0,0.0,hybrid_ppo,1
102.0,0.975,0.0,0.0,0.0,hybrid_ppo,1
103.0,1.0,0.0,0.0,0.0,hybrid_ppo,1
104.0,0.95,0.0,0.0,0.0,hybrid_ppo,1
105.0,1.0,0.0,0.0,0.0,hybrid_ppo,1
106.0,0.975,0.0,0.0,0.0,hybrid_ppo,1
107.0,0.975,0.0,0.0,0.0,hybrid_ppo,1
108.0,1.0,0.0,0.0,0.0,hybrid_ppo,1
109.0,0.975,0.0,0.0,0.0,hybrid_ppo,1
110.0,1.0,0.0,0.0,0.0,hybrid_ppo,1
111.0,1.0,0.0,0.0,0.0,hybrid_ppo,1
112.0,1.0,0.0,0.0,0.0,hybrid_ppo,1
113.0,0.975,0.0,0.0,0.0,hybrid_ppo,1
114.0,0.975,0.025,0.0,0.0,hybrid_ppo,1
115.0,1.0,0.0,0.0,0.0,hybrid_ppo,1
116.0,0.975,0.0,0.0,0.0,hybrid_ppo,1
117.0,0.95,0.0,0.0,0.0,hybrid_ppo,1
118.0,0.95,0.0,0.0,0.0,hybrid_ppo,1
119.0,1.0,0.0,0.0,0.0,hybrid_ppo,1
0.0,0.55,0.4,0.027500000000000004,0.020000000000000004,hybrid_tch_ppo,1
1.0,1.0,0.325,0.07750000000000001,0.036250000000000004,hybrid_tch_ppo,1
2.0,0.725,0.375,0.11375000000000002,0.05500000000000001,hybrid_tch_ppo,1
3.0,0.775,0.45,0.15250000000000002,0.07750000000000001,hybrid_tch_ppo,1
4.0,0.975,0.325,0.20125000000000004,0.09375000000000001,hybrid_tch_ppo,1
5.0,0.45,0.5,0.22375000000000003,0.11875000000000002,hybrid_tch_ppo,1
6.0,0.7,0.425,0.25875000000000004,0.14,hybrid_tch_ppo,1
7.0,0.6,0.475,0.28875000000000006,0.16375,hybrid_tch_ppo,1
8.0,0.75,0.25,0.32625000000000004,0.17625000000000002,hybrid_tch_ppo,1
9.0,0.725,0.4,0.36250000000000004,0.19625000000000004,hybrid_tch_ppo,1
10.0,0.875,0.425,0.40625000000000006,0.21750000000000003,hybrid_tch_ppo,1
11.0,0.95,0.425,0.45375000000000004,0.23875000000000002,hybrid_tch_ppo,1
12.0,1.0,0.2,0.50375,0.24875000000000003,hybrid_tch_ppo,1
13.0,0.725,0.325,0.54,0.265,hybrid_tch_ppo,1
14.0,0.675,0.325,0.57375,0.28125,hybrid_tch_ppo,1
15.0,0.85,0.15,0.61625,0.28875,hybrid_tch_ppo,1
16.0,0.7,0.25,0.65125,0.30125,hybrid_tch_ppo,1
17.0,0.725,0.25,0.6875,0.31375000000000003,hybrid_tch_ppo,1
18.0,0.975,0.2,0.73625,0.32375000000000004,hybrid_tch_ppo,1
19.0,0.975,0.15,0.7849999999999999,0.33125000000000004,hybrid_tch_ppo,1
20.0,0.725,0.325,0.8212499999999999,0.34750000000000003,hybrid_tch_ppo,1
21.0,0.725,0.25,0.8574999999999999,0.36000000000000004,hybrid_tch_ppo,1
22.0,0.825,0.275,0.8987499999999999,0.37375,hybrid_tch_ppo,1
23.0,1.0,0.25,0.94875,0.38625000000000004,hybrid_tch_ppo,1
24.0,0.95,0.1,0.99625,0.39125000000000004,hybrid_tch_ppo,1
25.0,1.0,0.175,1.04625,0.4,hybrid_tch_ppo,1
26.0,0.7,0.275,1.0812499999999998,0.41375,hybrid_tch_ppo,1
27.0,0.675,0.275,1.1149999999999998,0.4275,hybrid_tch_ppo,1
28.0,0.9,0.3,1.1599999999999997,0.4425,hybrid_tch_ppo,1
29.0,1.0,0.275,1.2099999999999997,0.45625,hybrid_tch_ppo,1
30.0,0.825,0.35,1.2512499999999998,0.47375,hybrid_tch_ppo,1
31.0,0.65,0.325,1.2837499999999997,0.49,hybrid_tch_ppo,1
32.0,0.725,0.35,1.3199999999999996,0.5075,hybrid_tch_ppo,1
33.0,0.9,0.275,1.3649999999999995,0.52125,hybrid_tch_ppo,1
34.0,0.525,0.4,1.3912499999999997,0.54125,hybrid_tch_ppo,1
35.0,0.975,0.075,1.4399999999999997,0.545,hybrid_tch_ppo,1
36.0,0.675,0.3,1.4737499999999997,0.56,hybrid_tch_ppo,1
37.0,0.95,0.15,1.5212499999999998,0.5675,hybrid_tch_ppo,1
38.0,1.0,0.025,1.5712499999999998,0.56875,hybrid_tch_ppo,1
39.0,0.825,0.125,1.6124999999999998,0.575,hybrid_tch_ppo,1
40.0,0.775,0.35,1.6512499999999999,0.5924999999999999,hybrid_tch_ppo,1
41.0,0.725,0.25,1.6874999999999998,0.6049999999999999,hybrid_tch_ppo,1
42.0,0.975,0.125,1.7362499999999998,0.6112499999999998,hybrid_tch_ppo,1
43.0,0.775,0.2,1.775,0.6212499999999999,hybrid_tch_ppo,1
44.0,0.975,0.1,1.82375,0.6262499999999999,hybrid_tch_ppo,1
45.0,0.925,0.05,1.8699999999999999,0.6287499999999998,hybrid_tch_ppo,1
46.0,0.975,0.05,1.91875,0.6312499999999998,hybrid_tch_ppo,1
47.0,0.975,0.05,1.9675,0.6337499999999997,hybrid_tch_ppo,1
48.0,0.925,0.075,2.01375,0.6374999999999997,hybrid_tch_ppo,1
49.0,0.775,0.2,2.0524999999999998,0.6474999999999997,hybrid_tch_ppo,1
50.0,0.8,0.175,2.0925,0.6562499999999998,hybrid_tch_ppo,1
51.0,0.9,0.25,2.1374999999999997,0.6687499999999997,hybrid_tch_ppo,1
52.0,0.975,0.1,2.18625,0.6737499999999997,hybrid_tch_ppo,1
53.0,0.85,0.175,2.22875,0.6824999999999998,hybrid_tch_ppo,1
54.0,0.975,0.025,2.2775,0.6837499999999997,hybrid_tch_ppo,1
55.0,0.95,0.025,2.3249999999999997,0.6849999999999997,hybrid_tch_ppo,1
56.0,1.0,0.0,2.3749999999999996,0.6849999999999997,hybrid_tch_ppo,1
57.0,0.975,0.0,2.4237499999999996,0.6849999999999997,hybrid_tch_ppo,1
58.0,0.975,0.0,2.4724999999999997,0.6849999999999997,hybrid_tch_ppo,1
59.0,0.975,0.0,2.5212499999999998,0.6849999999999997,hybrid_tch_ppo,1
60.0,1.0,0.0,2.5712499999999996,0.6849999999999997,hybrid_tch_ppo,1
61.0,1.0,0.0,2.6212499999999994,0.6849999999999997,hybrid_tch_ppo,1
62.0,1.0,0.0,2.6712499999999992,0.6849999999999997,hybrid_tch_ppo,1
63.0,0.975,0.0,2.7199999999999993,0.6849999999999997,hybrid_tch_ppo,1
64.0,0.975,0.0,2.7687499999999994,0.6849999999999997,hybrid_tch_ppo,1
65.0,1.0,0.0,2.818749999999999,0.6849999999999997,hybrid_tch_ppo,1
66.0,0.975,0.0,2.8674999999999993,0.6849999999999997,hybrid_tch_ppo,1
67.0,0.975,0.0,2.9162499999999993,0.6849999999999997,hybrid_tch_ppo,1
68.0,1.0,0.0,2.966249999999999,0.6849999999999997,hybrid_tch_ppo,1
69.0,0.95,0.025,3.013749999999999,0.6862499999999997,hybrid_tch_ppo,1
70.0,1.0,0.0,3.063749999999999,0.6862499999999997,hybrid_tch_ppo,1
71.0,1.0,0.025,3.1137499999999987,0.6874999999999997,hybrid_tch_ppo,1
72.0,1.0,0.0,3.1637499999999985,0.6874999999999997,hybrid_tch_ppo,1
73.0,0.975,0.0,3.2124999999999986,0.6874999999999997,hybrid_tch_ppo,1
74.0,0.975,0.025,3.2612499999999986,0.6887499999999996,hybrid_tch_ppo,1
75.0,0.975,0.025,3.3099999999999987,0.6899999999999996,hybrid_tch_ppo,1
76.0,0.975,0.0,3.358749999999999,0.6899999999999996,hybrid_tch_ppo,1
77.0,0.95,0.05,3.4062499999999987,0.6924999999999996,hybrid_tch_ppo,1
78.0,0.95,0.05,3.4537499999999985,0.6949999999999995,hybrid_tch_ppo,1
79.0,0.975,0.0,3.5024999999999986,0.6949999999999995,hybrid_tch_ppo,1
80.0,0.975,0.0,3.5512499999999987,0.6949999999999995,hybrid_tch_ppo,1
81.0,1.0,0.0,3.6012499999999985,0.6949999999999995,hybrid_tch_ppo,1
82.0,1.0,0.0,3.6512499999999983,0.6949999999999995,hybrid_tch_ppo,1
83.0,0.975,0.0,3.6999999999999984,0.6949999999999995,hybrid_tch_ppo,1
84.0,0.95,0.0,3.7474999999999983,0.6949999999999995,hybrid_tch_ppo,1
85.0,0.975,0.0,3.7962499999999983,0.6949999999999995,hybrid_tch_ppo,1
86.0,1.0,0.0,3.846249999999998,0.6949999999999995,hybrid_tch_ppo,1
87.0,0.975,0.0,3.8949999999999982,0.6949999999999995,hybrid_tch_ppo,1
88.0,0.95,0.0,3.942499999999998,0.6949999999999995,hybrid_tch_ppo,1
89.0,0.975,0.0,3.991249999999998,0.6949999999999995,hybrid_tch_ppo,1
90.0,1.0,0.0,4.041249999999998,0.6949999999999995,hybrid_tch_ppo,1
91.0,0.975,0.025,4.089999999999998,0.6962499999999995,hybrid_tch_ppo,1
92.0,0.975,0.0,4.138749999999998,0.6962499999999995,hybrid_tch_ppo,1
93.0,0.975,0.0,4.187499999999998,0.6962499999999995,hybrid_tch_ppo,1
94.0,0.975,0.0,4.236249999999998,0.6962499999999995,hybrid_tch_ppo,1
95.0,0.95,0.0,4.283749999999999,0.6962499999999995,hybrid_tch_ppo,1
96.0,0.95,0.0,4.331249999999999,0.6962499999999995,hybrid_tch_ppo,1
97.0,0.975,0.0,4.379999999999999,0.6962499999999995,hybrid_tch_ppo,1
98.0,0.95,0.0,4.427499999999999,0.6962499999999995,hybrid_tch_ppo,1
99.0,1.0,0.0,4.477499999999999,0.6962499999999995,hybrid_tch_ppo,1
100.0,0.95,0.0,4.5249999999999995,0.6962499999999995,hybrid_tch_ppo,1
101.0,0.95,0.0,4.5725,0.6962499999999995,hybrid_tch_ppo,1
102.0,0.975,0.0,4.62125,0.6962499999999995,hybrid_tch_ppo,1
103.0,1.0,0.0,4.67125,0.6962499999999995,hybrid_tch_ppo,1
104.0,0.95,0.0,4.71875,0.6962499999999995,hybrid_tch_ppo,1
105.0,1.0,0.0,4.76875,0.6962499999999995,hybrid_tch_ppo,1
106.0,0.975,0.0,4.8175,0.6962499999999995,hybrid_tch_ppo,1
107.0,0.975,0.0,4.86625,0.6962499999999995,hybrid_tch_ppo,1
108.0,1.0,0.0,4.91625,0.6962499999999995,hybrid_tch_ppo,1
109.0,0.975,0.0,4.965,0.6962499999999995,hybrid_tch_ppo,1
110.0,1.0,0.0,5.015,0.6962499999999995,hybrid_tch_ppo,1
111.0,1.0,0.0,5.0649999999999995,0.6962499999999995,hybrid_tch_ppo,1
112.0,1.0,0.0,5.114999999999999,0.6962499999999995,hybrid_tch_ppo,1
113.0,0.975,0.0,5.163749999999999,0.6962499999999995,hybrid_tch_ppo,1
114.0,1.0,0.0,5.213749999999999,0.6962499999999995,hybrid_tch_ppo,1
115.0,1.0,0.0,5.263749999999999,0.6962499999999995,hybrid_tch_ppo,1
116.0,0.975,0.0,5.312499999999999,0.6962499999999995,hybrid_tch_ppo,1
117.0,0.95,0.0,5.359999999999999,0.6962499999999995,hybrid_tch_ppo,1
118.0,0.95,0.0,5.4075,0.6962499999999995,hybrid_tch_ppo,1
119.0,1.0,0.0,5.4575,0.6962499999999995,hybrid_tch_ppo,1
0.0,0.7,0.475,0.0,0.0,service_only_ppo,2
1.0,1.0,0.45,0.0,0.0,service_only_ppo,2
2.0,0.75,0.625,0.0,0.0,service_only_ppo,2
3.0,0.975,0.375,0.0,0.0,service_only_ppo,2
4.0,0.425,0.55,0.0,0.0,service_only_ppo,2
5.0,0.65,0.425,0.0,0.0,service_only_ppo,2
6.0,0.625,0.55,0.0,0.0,service_only_ppo,2
7.0,0.75,0.4,0.0,0.0,service_only_ppo,2
8.0,0.75,0.45,0.0,0.0,service_only_ppo,2
9.0,0.875,0.425,0.0,0.0,service_only_ppo,2
10.0,0.925,0.7,0.0,0.0,service_only_ppo,2
11.0,0.5,0.475,0.0,0.0,service_only_ppo,2
12.0,0.725,0.525,0.0,0.0,service_only_ppo,2
13.0,0.675,0.45,0.0,0.0,service_only_ppo,2
14.0,0.975,0.375,0.0,0.0,service_only_ppo,2
15.0,0.325,0.575,0.0,0.0,service_only_ppo,2
16.0,0.65,0.65,0.0,0.0,service_only_ppo,2
17.0,0.975,0.475,0.0,0.0,service_only_ppo,2
18.0,0.975,0.425,0.0,0.0,service_only_ppo,2
19.0,0.7,0.45,0.0,0.0,service_only_ppo,2
20.0,0.6,0.475,0.0,0.0,service_only_ppo,2
21.0,0.8,0.2,0.0,0.0,service_only_ppo,2
22.0,1.0,0.3,0.0,0.0,service_only_ppo,2
23.0,0.95,0.325,0.0,0.0,service_only_ppo,2
24.0,0.975,0.325,0.0,0.0,service_only_ppo,2
25.0,0.65,0.35,0.0,0.0,service_only_ppo,2
26.0,0.825,0.15,0.0,0.0,service_only_ppo,2
27.0,0.85,0.15,0.0,0.0,service_only_ppo,2
28.0,1.0,0.075,0.0,0.0,service_only_ppo,2
29.0,0.875,0.1,0.0,0.0,service_only_ppo,2
30.0,0.95,0.05,0.0,0.0,service_only_ppo,2
31.0,0.975,0.0,0.0,0.0,service_only_ppo,2
32.0,1.0,0.0,0.0,0.0,service_only_ppo,2
33.0,1.0,0.0,0.0,0.0,service_only_ppo,2
34.0,0.95,0.0,0.0,0.0,service_only_ppo,2
35.0,1.0,0.0,0.0,0.0,service_only_ppo,2
36.0,0.95,0.025,0.0,0.0,service_only_ppo,2
37.0,1.0,0.0,0.0,0.0,service_only_ppo,2
38.0,0.975,0.0,0.0,0.0,service_only_ppo,2
39.0,0.95,0.0,0.0,0.0,service_only_ppo,2
40.0,0.975,0.0,0.0,0.0,service_only_ppo,2
41.0,0.975,0.025,0.0,0.0,service_only_ppo,2
42.0,1.0,0.0,0.0,0.0,service_only_ppo,2
43.0,0.975,0.0,0.0,0.0,service_only_ppo,2
44.0,0.925,0.0,0.0,0.0,service_only_ppo,2
45.0,1.0,0.025,0.0,0.0,service_only_ppo,2
46.0,0.975,0.0,0.0,0.0,service_only_ppo,2
47.0,1.0,0.0,0.0,0.0,service_only_ppo,2
48.0,0.975,0.0,0.0,0.0,service_only_ppo,2
49.0,1.0,0.0,0.0,0.0,service_only_ppo,2
50.0,1.0,0.0,0.0,0.0,service_only_ppo,2
51.0,0.975,0.0,0.0,0.0,service_only_ppo,2
52.0,0.975,0.0,0.0,0.0,service_only_ppo,2
53.0,1.0,0.0,0.0,0.0,service_only_ppo,2
54.0,0.975,0.0,0.0,0.0,service_only_ppo,2
55.0,1.0,0.0,0.0,0.0,service_only_ppo,2
56.0,0.975,0.0,0.0,0.0,service_only_ppo,2
57.0,0.975,0.0,0.0,0.0,service_only_ppo,2
58.0,0.975,0.0,0.0,0.0,service_only_ppo,2
59.0,1.0,0.0,0.0,0.0,service_only_ppo,2
60.0,1.0,0.0,0.0,0.0,service_only_ppo,2
61.0,1.0,0.0,0.0,0.0,service_only_ppo,2
62.0,0.975,0.0,0.0,0.0,service_only_ppo,2
63.0,0.975,0.0,0.0,0.0,service_only_ppo,2
64.0,1.0,0.0,0.0,0.0,service_only_ppo,2
65.0,0.975,0.0,0.0,0.0,service_only_ppo,2
66.0,0.95,0.025,0.0,0.0,service_only_ppo,2
67.0,1.0,0.0,0.0,0.0,service_only_ppo,2
68.0,0.975,0.0,0.0,0.0,service_only_ppo,2
69.0,1.0,0.0,0.0,0.0,service_only_ppo,2
70.0,1.0,0.0,0.0,0.0,service_only_ppo,2
71.0,1.0,0.0,0.0,0.0,service_only_ppo,2
72.0,0.975,0.0,0.0,0.0,service_only_ppo,2
73.0,1.0,0.0,0.0,0.0,service_only_ppo,2
74.0,0.975,0.0,0.0,0.0,service_only_ppo,2
75.0,0.975,0.0,0.0,0.0,service_only_ppo,2
76.0,1.0,0.0,0.0,0.0,service_only_ppo,2
77.0,0.975,0.0,0.0,0.0,service_only_ppo,2
78.0,0.975,0.0,0.0,0.0,service_only_ppo,2
79.0,0.975,0.0,0.0,0.0,service_only_ppo,2
80.0,1.0,0.0,0.0,0.0,service_only_ppo,2
81.0,1.0,0.0,0.0,0.0,service_only_ppo,2
82.0,0.975,0.0,0.0,0.0,service_only_ppo,2
83.0,0.95,0.0,0.0,0.0,service_only_ppo,2
84.0,0.975,0.0,0.0,0.0,service_only_ppo,2
85.0,1.0,0.0,0.0,0.0,service_only_ppo,2
86.0,0.975,0.0,0.0,0.0,service_only_ppo,2
87.0,0.95,0.0,0.0,0.0,service_only_ppo,2
88.0,0.975,0.0,0.0,0.0,service_only_ppo,2
89.0,1.0,0.0,0.0,0.0,service_only_ppo,2
90.0,1.0,0.0,0.0,0.0,service_only_ppo,2
91.0,0.975,0.0,0.0,0.0,service_only_ppo,2
92.0,0.975,0.0,0.0,0.0,service_only_ppo,2
93.0,0.975,0.0,0.0,0.0,service_only_ppo,2
94.0,0.95,0.0,0.0,0.0,service_only_ppo,2
95.0,0.95,0.0,0.0,0.0,service_only_ppo,2
96.0,0.95,0.025,0.0,0.0,service_only_ppo,2
97.0,0.95,0.0,0.0,0.0,service_only_ppo,2
98.0,1.0,0.0,0.0,0.0,service_only_ppo,2
99.0,0.95,0.0,0.0,0.0,service_only_ppo,2
100.0,0.95,0.0,0.0,0.0,service_only_ppo,2
101.0,0.975,0.0,0.0,0.0,service_only_ppo,2
102.0,1.0,0.0,0.0,0.0,service_only_ppo,2
103.0,0.95,0.0,0.0,0.0,service_only_ppo,2
104.0,1.0,0.0,0.0,0.0,service_only_ppo,2
105.0,0.975,0.0,0.0,0.0,service_only_ppo,2
106.0,0.975,0.0,0.0,0.0,service_only_ppo,2
107.0,1.0,0.0,0.0,0.0,service_only_ppo,2
108.0,0.975,0.0,0.0,0.0,service_only_ppo,2
109.0,1.0,0.0,0.0,0.0,service_only_ppo,2
110.0,1.0,0.0,0.0,0.0,service_only_ppo,2
111.0,1.0,0.0,0.0,0.0,service_only_ppo,2
112.0,0.975,0.0,0.0,0.0,service_only_ppo,2
113.0,1.0,0.0,0.0,0.0,service_only_ppo,2
114.0,1.0,0.0,0.0,0.0,service_only_ppo,2
115.0,0.975,0.0,0.0,0.0,service_only_ppo,2
116.0,0.95,0.0,0.0,0.0,service_only_ppo,2
117.0,0.95,0.0,0.0,0.0,service_only_ppo,2
118.0,1.0,0.0,0.0,0.0,service_only_ppo,2
119.0,1.0,0.0,0.0,0.0,service_only_ppo,2
0.0,0.7,0.475,0.0,0.0,hybrid_ppo,2
1.0,1.0,0.375,0.0,0.0,hybrid_ppo,2
2.0,0.75,0.625,0.0,0.0,hybrid_ppo,2
3.0,0.975,0.35,0.0,0.0,hybrid_ppo,2
4.0,0.425,0.525,0.0,0.0,hybrid_ppo,2
5.0,0.65,0.375,0.0,0.0,hybrid_ppo,2
6.0,0.625,0.45,0.0,0.0,hybrid_ppo,2
7.0,0.75,0.35,0.0,0.0,hybrid_ppo,2
8.0,0.75,0.4,0.0,0.0,hybrid_ppo,2
9.0,0.875,0.4,0.0,0.0,hybrid_ppo,2
10.0,0.925,0.625,0.0,0.0,hybrid_ppo,2
11.0,0.5,0.45,0.0,0.0,hybrid_ppo,2
12.0,0.725,0.475,0.0,0.0,hybrid_ppo,2
13.0,0.675,0.375,0.0,0.0,hybrid_ppo,2
14.0,0.975,0.375,0.0,0.0,hybrid_ppo,2
15.0,0.35,0.55,0.0,0.0,hybrid_ppo,2
16.0,0.65,0.625,0.0,0.0,hybrid_ppo,2
17.0,0.975,0.475,0.0,0.0,hybrid_ppo,2
18.0,0.975,0.35,0.0,0.0,hybrid_ppo,2
19.0,0.725,0.425,0.0,0.0,hybrid_ppo,2
20.0,0.65,0.425,0.0,0.0,hybrid_ppo,2
21.0,0.85,0.225,0.0,0.0,hybrid_ppo,2
22.0,1.0,0.3,0.0,0.0,hybrid_ppo,2
23.0,0.95,0.25,0.0,0.0,hybrid_ppo,2
24.0,0.975,0.25,0.0,0.0,hybrid_ppo,2
25.0,0.65,0.35,0.0,0.0,hybrid_ppo,2
26.0,0.8,0.175,0.0,0.0,hybrid_ppo,2
27.0,0.825,0.15,0.0,0.0,hybrid_ppo,2
28.0,1.0,0.1,0.0,0.0,hybrid_ppo,2
29.0,0.825,0.125,0.0,0.0,hybrid_ppo,2
30.0,0.925,0.075,0.0,0.0,hybrid_ppo,2
31.0,0.95,0.025,0.0,0.0,hybrid_ppo,2
32.0,1.0,0.0,0.0,0.0,hybrid_ppo,2
33.0,1.0,0.0,0.0,0.0,hybrid_ppo,2
34.0,0.95,0.0,0.0,0.0,hybrid_ppo,2
35.0,1.0,0.0,0.0,0.0,hybrid_ppo,2
36.0,0.95,0.025,0.0,0.0,hybrid_ppo,2
37.0,1.0,0.0,0.0,0.0,hybrid_ppo,2
38.0,0.975,0.0,0.0,0.0,hybrid_ppo,2
39.0,0.95,0.0,0.0,0.0,hybrid_ppo,2
40.0,0.975,0.0,0.0,0.0,hybrid_ppo,2
41.0,0.975,0.025,0.0,0.0,hybrid_ppo,2
42.0,0.975,0.025,0.0,0.0,hybrid_ppo,2
43.0,0.975,0.0,0.0,0.0,hybrid_ppo,2
44.0,0.925,0.0,0.0,0.0,hybrid_ppo,2
45.0,1.0,0.025,0.0,0.0,hybrid_ppo,2
46.0,0.975,0.0,0.0,0.0,hybrid_ppo,2
47.0,1.0,0.0,0.0,0.0,hybrid_ppo,2
48.0,0.975,0.0,0.0,0.0,hybrid_ppo,2
49.0,1.0,0.0,0.0,0.0,hybrid_ppo,2
50.0,1.0,0.0,0.0,0.0,hybrid_ppo,2
51.0,0.975,0.0,0.0,0.0,hybrid_ppo,2
52.0,0.975,0.0,0.0,0.0,hybrid_ppo,2
53.0,1.0,0.0,0.0,0.0,hybrid_ppo,2
54.0,0.975,0.0,0.0,0.0,hybrid_ppo,2
55.0,1.0,0.0,0.0,0.0,hybrid_ppo,2
56.0,0.975,0.0,0.0,0.0,hybrid_ppo,2
57.0,0.975,0.0,0.0,0.0,hybrid_ppo,2
58.0,0.975,0.0,0.0,0.0,hybrid_ppo,2
59.0,1.0,0.0,0.0,0.0,hybrid_ppo,2
60.0,1.0,0.0,0.0,0.0,hybrid_ppo,2
61.0,1.0,0.0,0.0,0.0,hybrid_ppo,2
62.0,0.975,0.0,0.0,0.0,hybrid_ppo,2
63.0,0.975,0.0,0.0,0.0,hybrid_ppo,2
64.0,1.0,0.0,0.0,0.0,hybrid_ppo,2
65.0,0.975,0.0,0.0,0.0,hybrid_ppo,2
66.0,0.95,0.025,0.0,0.0,hybrid_ppo,2
67.0,1.0,0.0,0.0,0.0,hybrid_ppo,2
68.0,0.975,0.0,0.0,0.0,hybrid_ppo,2
69.0,1.0,0.0,0.0,0.0,hybrid_ppo,2
70.0,1.0,0.0,0.0,0.0,hybrid_ppo,2
71.0,1.0,0.0,0.0,0.0,hybrid_ppo,2
72.0,0.975,0.0,0.0,0.0,hybrid_ppo,2
73.0,1.0,0.0,0.0,0.0,hybrid_ppo,2
74.0,0.975,0.0,0.0,0.0,hybrid_ppo,2
75.0,0.975,0.0,0.0,0.0,hybrid_ppo,2
76.0,1.0,0.0,0.0,0.0,hybrid_ppo,2
77.0,0.975,0.0,0.0,0.0,hybrid_ppo,2
78.0,0.975,0.0,0.0,0.0,hybrid_ppo,2
79.0,0.975,0.0,0.0,0.0,hybrid_ppo,2
80.0,1.0,0.0,0.0,0.0,hybrid_ppo,2
81.0,1.0,0.0,0.0,0.0,hybrid_ppo,2
82.0,0.975,0.0,0.0,0.0,hybrid_ppo,2
83.0,0.95,0.0,0.0,0.0,hybrid_ppo,2
84.0,0.975,0.0,0.0,0.0,hybrid_ppo,2
85.0,1.0,0.0,0.0,0.0,hybrid_ppo,2
86.0,0.975,0.0,0.0,0.0,hybrid_ppo,2
87.0,0.95,0.0,0.0,0.0,hybrid_ppo,2
88.0,0.975,0.0,0.0,0.0,hybrid_ppo,2
89.0,1.0,0.0,0.0,0.0,hybrid_ppo,2
90.0,1.0,0.0,0.0,0.0,hybrid_ppo,2
91.0,0.975,0.0,0.0,0.0,hybrid_ppo,2
92.0,0.975,0.0,0.0,0.0,hybrid_ppo,2
93.0,0.975,0.0,0.0,0.0,hybrid_ppo,2
94.0,0.95,0.0,0.0,0.0,hybrid_ppo,2
95.0,0.95,0.0,0.0,0.0,hybrid_ppo,2
96.0,0.95,0.025,0.0,0.0,hybrid_ppo,2
97.0,0.95,0.0,0.0,0.0,hybrid_ppo,2
98.0,1.0,0.0,0.0,0.0,hybrid_ppo,2
99.0,0.95,0.0,0.0,0.0,hybrid_ppo,2
100.0,0.95,0.0,0.0,0.0,hybrid_ppo,2
101.0,0.975,0.0,0.0,0.0,hybrid_ppo,2
102.0,1.0,0.0,0.0,0.0,hybrid_ppo,2
103.0,0.95,0.0,0.0,0.0,hybrid_ppo,2
104.0,1.0,0.0,0.0,0.0,hybrid_ppo,2
105.0,0.975,0.0,0.0,0.0,hybrid_ppo,2
106.0,0.975,0.025,0.0,0.0,hybrid_ppo,2
107.0,1.0,0.0,0.0,0.0,hybrid_ppo,2
108.0,0.975,0.0,0.0,0.0,hybrid_ppo,2
109.0,1.0,0.0,0.0,0.0,hybrid_ppo,2
110.0,1.0,0.0,0.0,0.0,hybrid_ppo,2
111.0,1.0,0.0,0.0,0.0,hybrid_ppo,2
112.0,0.975,0.0,0.0,0.0,hybrid_ppo,2
113.0,1.0,0.0,0.0,0.0,hybrid_ppo,2
114.0,1.0,0.0,0.0,0.0,hybrid_ppo,2
115.0,0.975,0.0,0.0,0.0,hybrid_ppo,2
116.0,0.95,0.0,0.0,0.0,hybrid_ppo,2
117.0,0.95,0.0,0.0,0.0,hybrid_ppo,2
118.0,1.0,0.0,0.0,0.0,hybrid_ppo,2
119.0,1.0,0.0,0.0,0.0,hybrid_ppo,2
0.0,0.7,0.475,0.034999999999999996,0.02375,hybrid_tch_ppo,2
1.0,1.0,0.375,0.08499999999999999,0.0425,hybrid_tch_ppo,2
2.0,0.75,0.625,0.1225,0.07375000000000001,hybrid_tch_ppo,2
3.0,0.975,0.35,0.17125,0.09125000000000001,hybrid_tch_ppo,2
4.0,0.425,0.525,0.1925,0.11750000000000002,hybrid_tch_ppo,2
5.0,0.65,0.375,0.225,0.13625000000000004,hybrid_tch_ppo,2
6.0,0.625,0.45,0.25625,0.15875000000000003,hybrid_tch_ppo,2
7.0,0.75,0.35,0.29374999999999996,0.17625000000000002,hybrid_tch_ppo,2
8.0,0.75,0.4,0.33124999999999993,0.19625000000000004,hybrid_tch_ppo,2
9.0,0.875,0.4,0.37499999999999994,0.21625000000000005,hybrid_tch_ppo,2
10.0,0.925,0.625,0.42124999999999996,0.24750000000000005,hybrid_tch_ppo,2
11.0,0.5,0.45,0.44625,0.2700000000000001,hybrid_tch_ppo,2
12.0,0.725,0.475,0.4825,0.29375000000000007,hybrid_tch_ppo,2
13.0,0.675,0.425,0.51625,0.31500000000000006,hybrid_tch_ppo,2
14.0,0.975,0.375,0.565,0.33375000000000005,hybrid_tch_ppo,2
15.0,0.325,0.575,0.5812499999999999,0.36250000000000004,hybrid_tch_ppo,2
16.0,0.65,0.625,0.6137499999999999,0.39375000000000004,hybrid_tch_ppo,2
17.0,0.975,0.475,0.6624999999999999,0.41750000000000004,hybrid_tch_ppo,2
18.0,0.975,0.375,0.7112499999999998,0.43625,hybrid_tch_ppo,2
19.0,0.7,0.425,0.7462499999999999,0.4575,hybrid_tch_ppo,2
20.0,0.6,0.475,0.7762499999999999,0.48125,hybrid_tch_ppo,2
21.0,0.825,0.25,0.8174999999999999,0.49375,hybrid_tch_ppo,2
22.0,1.0,0.325,0.8674999999999999,0.51,hybrid_tch_ppo,2
23.0,0.95,0.325,0.9149999999999999,0.52625,hybrid_tch_ppo,2
24.0,0.975,0.35,0.9637499999999999,0.54375,hybrid_tch_ppo,2
25.0,0.6,0.375,0.9937499999999999,0.5625,hybrid_tch_ppo,2
26.0,0.8,0.175,1.03375,0.57125,hybrid_tch_ppo,2
27.0,0.9,0.2,1.0787499999999999,0.58125,hybrid_tch_ppo,2
28.0,1.0,0.15,1.12875,0.58875,hybrid_tch_ppo,2
29.0,0.825,0.175,1.17,0.5975,hybrid_tch_ppo,2
30.0,0.875,0.125,1.2137499999999999,0.60375,hybrid_tch_ppo,2
31.0,0.925,0.05,1.2599999999999998,0.60625,hybrid_tch_ppo,2
32.0,0.975,0.025,1.3087499999999999,0.6074999999999999,hybrid_tch_ppo,2
33.0,1.0,0.0,1.35875,0.6074999999999999,hybrid_tch_ppo,2
34.0,0.925,0.025,1.4049999999999998,0.6087499999999999,hybrid_tch_ppo,2
35.0,1.0,0.0,1.4549999999999998,0.6087499999999999,hybrid_tch_ppo,2
36.0,0.95,0.05,1.5025,0.6112499999999998,hybrid_tch_ppo,2
37.0,1.0,0.025,1.5525,0.6124999999999998,hybrid_tch_ppo,2
38.0,0.95,0.025,1.6,0.6137499999999998,hybrid_tch_ppo,2
39.0,0.95,0.0,1.6475000000000002,0.6137499999999998,hybrid_tch_ppo,2
40.0,0.975,0.0,1.6962500000000003,0.6137499999999998,hybrid_tch_ppo,2
41.0,0.975,0.025,1.7450000000000003,0.6149999999999998,hybrid_tch_ppo,2
42.0,1.0,0.0,1.7950000000000004,0.6149999999999998,hybrid_tch_ppo,2
43.0,0.975,0.0,1.8437500000000004,0.6149999999999998,hybrid_tch_ppo,2
44.0,0.925,0.0,1.8900000000000003,0.6149999999999998,hybrid_tch_ppo,2
45.0,1.0,0.025,1.9400000000000004,0.6162499999999997,hybrid_tch_ppo,2
46.0,0.975,0.0,1.9887500000000005,0.6162499999999997,hybrid_tch_ppo,2
47.0,1.0,0.0,2.0387500000000003,0.6162499999999997,hybrid_tch_ppo,2
48.0,0.975,0.0,2.0875000000000004,0.6162499999999997,hybrid_tch_ppo,2
49.0,1.0,0.0,2.1375,0.6162499999999997,hybrid_tch_ppo,2
50.0,1.0,0.0,2.1875,0.6162499999999997,hybrid_tch_ppo,2
51.0,0.975,0.0,2.23625,0.6162499999999997,hybrid_tch_ppo,2
52.0,0.975,0.0,2.285,0.6162499999999997,hybrid_tch_ppo,2
53.0,1.0,0.0,2.335,0.6162499999999997,hybrid_tch_ppo,2
54.0,0.975,0.0,2.38375,0.6162499999999997,hybrid_tch_ppo,2
55.0,1.0,0.0,2.43375,0.6162499999999997,hybrid_tch_ppo,2
56.0,0.975,0.0,2.4825,0.6162499999999997,hybrid_tch_ppo,2
57.0,0.975,0.0,2.53125,0.6162499999999997,hybrid_tch_ppo,2
58.0,0.975,0.0,2.58,0.6162499999999997,hybrid_tch_ppo,2
59.0,1.0,0.0,2.63,0.6162499999999997,hybrid_tch_ppo,2
60.0,1.0,0.0,2.6799999999999997,0.6162499999999997,hybrid_tch_ppo,2
61.0,1.0,0.0,2.7299999999999995,0.6162499999999997,hybrid_tch_ppo,2
62.0,0.975,0.0,2.7787499999999996,0.6162499999999997,hybrid_tch_ppo,2
63.0,0.975,0.0,2.8274999999999997,0.6162499999999997,hybrid_tch_ppo,2
64.0,1.0,0.0,2.8774999999999995,0.6162499999999997,hybrid_tch_ppo,2
65.0,0.975,0.0,2.9262499999999996,0.6162499999999997,hybrid_tch_ppo,2
66.0,0.975,0.0,2.9749999999999996,0.6162499999999997,hybrid_tch_ppo,2
67.0,1.0,0.0,3.0249999999999995,0.6162499999999997,hybrid_tch_ppo,2
68.0,0.975,0.0,3.0737499999999995,0.6162499999999997,hybrid_tch_ppo,2
69.0,1.0,0.0,3.1237499999999994,0.6162499999999997,hybrid_tch_ppo,2
70.0,1.0,0.0,3.173749999999999,0.6162499999999997,hybrid_tch_ppo,2
71.0,1.0,0.0,3.223749999999999,0.6162499999999997,hybrid_tch_ppo,2
72.0,0.975,0.0,3.272499999999999,0.6162499999999997,hybrid_tch_ppo,2
73.0,1.0,0.0,3.322499999999999,0.6162499999999997,hybrid_tch_ppo,2
74.0,0.975,0.0,3.371249999999999,0.6162499999999997,hybrid_tch_ppo,2
75.0,0.975,0.0,3.419999999999999,0.6162499999999997,hybrid_tch_ppo,2
76.0,1.0,0.0,3.469999999999999,0.6162499999999997,hybrid_tch_ppo,2
77.0,0.975,0.0,3.518749999999999,0.6162499999999997,hybrid_tch_ppo,2
78.0,0.975,0.0,3.567499999999999,0.6162499999999997,hybrid_tch_ppo,2
79.0,0.975,0.0,3.616249999999999,0.6162499999999997,hybrid_tch_ppo,2
80.0,1.0,0.0,3.666249999999999,0.6162499999999997,hybrid_tch_ppo,2
81.0,1.0,0.0,3.7162499999999987,0.6162499999999997,hybrid_tch_ppo,2
82.0,0.975,0.0,3.764999999999999,0.6162499999999997,hybrid_tch_ppo,2
83.0,0.95,0.0,3.8124999999999987,0.6162499999999997,hybrid_tch_ppo,2
84.0,0.975,0.0,3.8612499999999987,0.6162499999999997,hybrid_tch_ppo,2
85.0,1.0,0.0,3.9112499999999986,0.6162499999999997,hybrid_tch_ppo,2
86.0,0.975,0.0,3.9599999999999986,0.6162499999999997,hybrid_tch_ppo,2
87.0,0.95,0.0,4.0074999999999985,0.6162499999999997,hybrid_tch_ppo,2
88.0,0.975,0.0,4.056249999999999,0.6162499999999997,hybrid_tch_ppo,2
89.0,1.0,0.0,4.106249999999998,0.6162499999999997,hybrid_tch_ppo,2
90.0,1.0,0.0,4.156249999999998,0.6162499999999997,hybrid_tch_ppo,2
91.0,0.975,0.0,4.204999999999998,0.6162499999999997,hybrid_tch_ppo,2
92.0,0.975,0.0,4.253749999999998,0.6162499999999997,hybrid_tch_ppo,2
93.0,0.975,0.0,4.302499999999998,0.6162499999999997,hybrid_tch_ppo,2
94.0,0.95,0.0,4.349999999999999,0.6162499999999997,hybrid_tch_ppo,2
95.0,0.95,0.0,4.397499999999999,0.6162499999999997,hybrid_tch_ppo,2
96.0,0.975,0.0,4.446249999999999,0.6162499999999997,hybrid_tch_ppo,2
97.0,0.95,0.0,4.4937499999999995,0.6162499999999997,hybrid_tch_ppo,2
98.0,1.0,0.0,4.543749999999999,0.6162499999999997,hybrid_tch_ppo,2
99.0,0.95,0.0,4.59125,0.6162499999999997,hybrid_tch_ppo,2
100.0,0.95,0.0,4.63875,0.6162499999999997,hybrid_tch_ppo,2
101.0,0.975,0.0,4.6875,0.6162499999999997,hybrid_tch_ppo,2
102.0,1.0,0.0,4.7375,0.6162499999999997,hybrid_tch_ppo,2
103.0,0.95,0.0,4.785,0.6162499999999997,hybrid_tch_ppo,2
104.0,1.0,0.0,4.835,0.6162499999999997,hybrid_tch_ppo,2
105.0,0.975,0.0,4.88375,0.6162499999999997,hybrid_tch_ppo,2
106.0,0.975,0.0,4.9325,0.6162499999999997,hybrid_tch_ppo,2
107.0,1.0,0.0,4.9825,0.6162499999999997,hybrid_tch_ppo,2
108.0,0.975,0.0,5.03125,0.6162499999999997,hybrid_tch_ppo,2
109.0,1.0,0.0,5.08125,0.6162499999999997,hybrid_tch_ppo,2
110.0,1.0,0.0,5.13125,0.6162499999999997,hybrid_tch_ppo,2
111.0,1.0,0.0,5.1812499999999995,0.6162499999999997,hybrid_tch_ppo,2
112.0,0.975,0.0,5.2299999999999995,0.6162499999999997,hybrid_tch_ppo,2
113.0,1.0,0.0,5.279999999999999,0.6162499999999997,hybrid_tch_ppo,2
114.0,1.0,0.0,5.329999999999999,0.6162499999999997,hybrid_tch_ppo,2
115.0,0.975,0.0,5.378749999999999,0.6162499999999997,hybrid_tch_ppo,2
116.0,0.95,0.0,5.42625,0.6162499999999997,hybrid_tch_ppo,2
117.0,0.95,0.0,5.47375,0.6162499999999997,hybrid_tch_ppo,2
118.0,1.0,0.0,5.52375,0.6162499999999997,hybrid_tch_ppo,2
119.0,1.0,0.0,5.5737499999999995,0.6162499999999997,hybrid_tch_ppo,2
