channel,service,snr_db,traffic_class,sigma_band,upload_airtime_s,queue_wait_W_s,T4_comm_mean_s,load,c2_mode,comm_latency_s,T4_mean_s,T4_s,d_TC_m,d_TC_default_m,rel_capacity,N_ref_illustrative
rayleigh,M1_image,-5.0,SAIL I-II,0,3.7201,1.9841,3.7841,peak,shared,3.7201,9.804,9.804,252.55,228.75,0.9057,4.433
rayleigh,M1_image,-5.0,SAIL I-II,1,3.7201,1.9841,3.7841,peak,shared,3.7201,9.804,14.041,323.42,299.62,0.9264,4.511
rayleigh,M1_image,-5.0,SAIL I-II,2,3.7201,1.9841,3.7841,peak,shared,3.7201,9.804,18.278,394.29,370.49,0.9396,4.561
rayleigh,M3_token,-5.0,SAIL I-II,0,0.014,0.0075,1.8075,peak,shared,0.0513,7.827,7.827,228.84,228.75,0.9996,4.789
rayleigh,M3_token,-5.0,SAIL I-II,1,0.014,0.0075,1.8075,peak,shared,0.0513,7.827,12.064,299.71,299.62,0.9997,4.789
rayleigh,M3_token,-5.0,SAIL I-II,2,0.014,0.0075,1.8075,peak,shared,0.0513,7.827,16.301,370.58,370.49,0.9998,4.789
rayleigh,M4_adaptive,-5.0,SAIL I-II,0,2.4586,1.3113,3.1113,peak,shared,2.4714,9.131,9.131,244.48,228.75,0.9356,4.546
rayleigh,M4_adaptive,-5.0,SAIL I-II,1,2.4586,1.3113,3.1113,peak,shared,2.4714,9.131,13.368,315.35,299.62,0.9501,4.601
rayleigh,M4_adaptive,-5.0,SAIL I-II,2,2.4586,1.3113,3.1113,peak,shared,2.4714,9.131,17.605,386.22,370.49,0.9593,4.636
rayleigh,M1_image,0.0,SAIL I-II,0,1.6344,0.8717,2.6717,peak,shared,1.6344,8.692,8.692,239.21,228.75,0.9563,4.624
rayleigh,M1_image,0.0,SAIL I-II,1,1.6344,0.8717,2.6717,peak,shared,1.6344,8.692,12.928,310.08,299.62,0.9663,4.662
rayleigh,M1_image,0.0,SAIL I-II,2,1.6344,0.8717,2.6717,peak,shared,1.6344,8.692,17.165,380.95,370.49,0.9725,4.686
rayleigh,M3_token,0.0,SAIL I-II,0,0.0139,0.0074,1.8074,peak,shared,0.0512,7.827,7.827,228.83,228.75,0.9996,4.789
rayleigh,M3_token,0.0,SAIL I-II,1,0.0139,0.0074,1.8074,peak,shared,0.0512,7.827,12.064,299.7,299.62,0.9997,4.789
rayleigh,M3_token,0.0,SAIL I-II,2,0.0139,0.0074,1.8074,peak,shared,0.0512,7.827,16.301,370.57,370.49,0.9998,4.789
rayleigh,M4_adaptive,0.0,SAIL I-II,0,1.0785,0.5752,2.3752,peak,shared,1.0913,8.395,8.395,235.65,228.75,0.9707,4.679
rayleigh,M4_adaptive,0.0,SAIL I-II,1,1.0785,0.5752,2.3752,peak,shared,1.0913,8.395,12.632,306.52,299.62,0.9775,4.705
rayleigh,M4_adaptive,0.0,SAIL I-II,2,1.0785,0.5752,2.3752,peak,shared,1.0913,8.395,16.869,377.39,370.49,0.9817,4.721
rayleigh,M1_image,5.0,SAIL I-II,0,0.8311,0.4433,2.2433,peak,shared,0.8311,8.263,8.263,234.06,228.75,0.9773,4.704
rayleigh,M1_image,5.0,SAIL I-II,1,0.8311,0.4433,2.2433,peak,shared,0.8311,8.263,12.5,304.93,299.62,0.9826,4.724
rayleigh,M1_image,5.0,SAIL I-II,2,0.8311,0.4433,2.2433,peak,shared,0.8311,8.263,16.737,375.8,370.49,0.9858,4.736
rayleigh,M3_token,5.0,SAIL I-II,0,0.0139,0.0074,1.8074,peak,shared,0.0512,7.827,7.827,228.83,228.75,0.9996,4.789
rayleigh,M3_token,5.0,SAIL I-II,1,0.0139,0.0074,1.8074,peak,shared,0.0512,7.827,12.064,299.7,299.62,0.9997,4.789
rayleigh,M3_token,5.0,SAIL I-II,2,0.0139,0.0074,1.8074,peak,shared,0.0512,7.827,16.301,370.57,370.49,0.9998,4.789
rayleigh,M4_adaptive,5.0,SAIL I-II,0,0.5521,0.2945,2.0945,peak,shared,0.5649,8.114,8.114,232.28,228.75,0.9848,4.732
rayleigh,M4_adaptive,5.0,SAIL I-II,1,0.5521,0.2945,2.0945,peak,shared,0.5649,8.114,12.351,303.15,299.62,0.9883,4.746
rayleigh,M4_adaptive,5.0,SAIL I-II,2,0.5521,0.2945,2.0945,peak,shared,0.5649,8.114,16.588,374.02,370.49,0.9906,4.754
rayleigh,M1_image,10.0,SAIL I-II,0,0.6421,0.3425,2.1425,peak,shared,0.6421,8.162,8.162,232.86,228.75,0.9824,4.723
rayleigh,M1_image,10.0,SAIL I-II,1,0.6421,0.3425,2.1425,peak,shared,0.6421,8.162,12.399,303.73,299.62,0.9865,4.739
rayleigh,M1_image,10.0,SAIL I-II,2,0.6421,0.3425,2.1425,peak,shared,0.6421,8.162,16.636,374.6,370.49,0.989,4.748
rayleigh,M3_token,10.0,SAIL I-II,0,0.0139,0.0074,1.8074,peak,shared,0.0512,7.827,7.827,228.83,228.75,0.9996,4.789
rayleigh,M3_token,10.0,SAIL I-II,1,0.0139,0.0074,1.8074,peak,shared,0.0512,7.827,12.064,299.7,299.62,0.9997,4.789
rayleigh,M3_token,10.0,SAIL I-II,2,0.0139,0.0074,1.8074,peak,shared,0.0512,7.827,16.301,370.57,370.49,0.9998,4.789
rayleigh,M4_adaptive,10.0,SAIL I-II,0,0.4272,0.2278,2.0278,peak,shared,0.44,8.048,8.048,231.48,228.75,0.9882,4.745
rayleigh,M4_adaptive,10.0,SAIL I-II,1,0.4272,0.2278,2.0278,peak,shared,0.44,8.048,12.285,302.35,299.62,0.991,4.756
rayleigh,M4_adaptive,10.0,SAIL I-II,2,0.4272,0.2278,2.0278,peak,shared,0.44,8.048,16.521,373.22,370.49,0.9927,4.762
rayleigh,M1_image,15.0,SAIL I-II,0,0.5091,0.2715,2.0715,peak,shared,0.5091,8.092,8.092,232.0,228.75,0.986,4.737
rayleigh,M1_image,15.0,SAIL I-II,1,0.5091,0.2715,2.0715,peak,shared,0.5091,8.092,12.328,302.87,299.62,0.9892,4.749
rayleigh,M1_image,15.0,SAIL I-II,2,0.5091,0.2715,2.0715,peak,shared,0.5091,8.092,16.565,373.74,370.49,0.9913,4.757
rayleigh,M3_token,15.0,SAIL I-II,0,0.0139,0.0074,1.8074,peak,shared,0.0512,7.827,7.827,228.83,228.75,0.9996,4.789
rayleigh,M3_token,15.0,SAIL I-II,1,0.0139,0.0074,1.8074,peak,shared,0.0512,7.827,12.064,299.7,299.62,0.9997,4.789
rayleigh,M3_token,15.0,SAIL I-II,2,0.0139,0.0074,1.8074,peak,shared,0.0512,7.827,16.301,370.57,370.49,0.9998,4.789
rayleigh,M4_adaptive,15.0,SAIL I-II,0,0.3396,0.1811,1.9811,peak,shared,0.3524,8.001,8.001,230.92,228.75,0.9906,4.754
rayleigh,M4_adaptive,15.0,SAIL I-II,1,0.3396,0.1811,1.9811,peak,shared,0.3524,8.001,12.238,301.79,299.62,0.9928,4.763
rayleigh,M4_adaptive,15.0,SAIL I-II,2,0.3396,0.1811,1.9811,peak,shared,0.3524,8.001,16.475,372.66,370.49,0.9942,4.768
rayleigh,M1_image,20.0,SAIL I-II,0,0.3806,0.203,2.003,peak,shared,0.3806,8.023,8.023,231.18,228.75,0.9895,4.75
rayleigh,M1_image,20.0,SAIL I-II,1,0.3806,0.203,2.003,peak,shared,0.3806,8.023,12.26,302.05,299.62,0.9919,4.759
rayleigh,M1_image,20.0,SAIL I-II,2,0.3806,0.203,2.003,peak,shared,0.3806,8.023,16.497,372.92,370.49,0.9935,4.765
rayleigh,M3_token,20.0,SAIL I-II,0,0.0139,0.0074,1.8074,peak,shared,0.0512,7.827,7.827,228.83,228.75,0.9996,4.789
rayleigh,M3_token,20.0,SAIL I-II,1,0.0139,0.0074,1.8074,peak,shared,0.0512,7.827,12.064,299.7,299.62,0.9997,4.789
rayleigh,M3_token,20.0,SAIL I-II,2,0.0139,0.0074,1.8074,peak,shared,0.0512,7.827,16.301,370.57,370.49,0.9998,4.789
rayleigh,M4_adaptive,20.0,SAIL I-II,0,0.2555,0.1363,1.9363,peak,shared,0.2683,7.956,7.956,230.38,228.75,0.9929,4.763
rayleigh,M4_adaptive,20.0,SAIL I-II,1,0.2555,0.1363,1.9363,peak,shared,0.2683,7.956,12.193,301.25,299.62,0.9946,4.769
rayleigh,M4_adaptive,20.0,SAIL I-II,2,0.2555,0.1363,1.9363,peak,shared,0.2683,7.956,16.43,372.12,370.49,0.9956,4.773
rayleigh,M2_analog,-5.0,SAIL I-II,0,0.3,0.16,1.96,peak,shared,0.3,7.98,7.98,230.67,228.75,0.9917,4.758
rayleigh,M2_analog,-5.0,SAIL I-II,1,0.3,0.16,1.96,peak,shared,0.3,7.98,12.217,301.54,299.62,0.9936,4.766
rayleigh,M2_analog,-5.0,SAIL I-II,2,0.3,0.16,1.96,peak,shared,0.3,7.98,16.454,372.41,370.49,0.9948,4.77
rayleigh,M2_analog,0.0,SAIL I-II,0,0.3,0.16,1.96,peak,shared,0.3,7.98,7.98,230.67,228.75,0.9917,4.758
rayleigh,M2_analog,0.0,SAIL I-II,1,0.3,0.16,1.96,peak,shared,0.3,7.98,12.217,301.54,299.62,0.9936,4.766
rayleigh,M2_analog,0.0,SAIL I-II,2,0.3,0.16,1.96,peak,shared,0.3,7.98,16.454,372.41,370.49,0.9948,4.77
rayleigh,M2_analog,5.0,SAIL I-II,0,0.3,0.16,1.96,peak,shared,0.3,7.98,7.98,230.67,228.75,0.9917,4.758
rayleigh,M2_analog,5.0,SAIL I-II,1,0.3,0.16,1.96,peak,shared,0.3,7.98,12.217,301.54,299.62,0.9936,4.766
rayleigh,M2_analog,5.0,SAIL I-II,2,0.3,0.16,1.96,peak,shared,0.3,7.98,16.454,372.41,370.49,0.9948,4.77
rayleigh,M2_analog,10.0,SAIL I-II,0,0.3,0.16,1.96,peak,shared,0.3,7.98,7.98,230.67,228.75,0.9917,4.758
rayleigh,M2_analog,10.0,SAIL I-II,1,0.3,0.16,1.96,peak,shared,0.3,7.98,12.217,301.54,299.62,0.9936,4.766
rayleigh,M2_analog,10.0,SAIL I-II,2,0.3,0.16,1.96,peak,shared,0.3,7.98,16.454,372.41,370.49,0.9948,4.77
rayleigh,M2_analog,15.0,SAIL I-II,0,0.3,0.16,1.96,peak,shared,0.3,7.98,7.98,230.67,228.75,0.9917,4.758
rayleigh,M2_analog,15.0,SAIL I-II,1,0.3,0.16,1.96,peak,shared,0.3,7.98,12.217,301.54,299.62,0.9936,4.766
rayleigh,M2_analog,15.0,SAIL I-II,2,0.3,0.16,1.96,peak,shared,0.3,7.98,16.454,372.41,370.49,0.9948,4.77
rayleigh,M2_analog,20.0,SAIL I-II,0,0.3,0.16,1.96,peak,shared,0.3,7.98,7.98,230.67,228.75,0.9917,4.758
rayleigh,M2_analog,20.0,SAIL I-II,1,0.3,0.16,1.96,peak,shared,0.3,7.98,12.217,301.54,299.62,0.9936,4.766
rayleigh,M2_analog,20.0,SAIL I-II,2,0.3,0.16,1.96,peak,shared,0.3,7.98,16.454,372.41,370.49,0.9948,4.77
rayleigh,M0_naive,-5.0,SAIL I-II,0,5.2828,2.8175,4.6175,peak,shared,5.2828,10.637,10.637,262.56,228.75,0.8712,4.302
rayleigh,M0_naive,-5.0,SAIL I-II,1,5.2828,2.8175,4.6175,peak,shared,5.2828,10.637,14.874,333.43,299.62,0.8986,4.406
rayleigh,M0_naive,-5.0,SAIL I-II,2,5.2828,2.8175,4.6175,peak,shared,5.2828,10.637,19.111,404.3,370.49,0.9164,4.473
rayleigh,M0_naive,0.0,SAIL I-II,0,5.2828,2.8175,4.6175,peak,shared,5.2828,10.637,10.637,262.56,228.75,0.8712,4.302
rayleigh,M0_naive,0.0,SAIL I-II,1,5.2828,2.8175,4.6175,peak,shared,5.2828,10.637,14.874,333.43,299.62,0.8986,4.406
rayleigh,M0_naive,0.0,SAIL I-II,2,5.2828,2.8175,4.6175,peak,shared,5.2828,10.637,19.111,404.3,370.49,0.9164,4.473
rayleigh,M0_naive,5.0,SAIL I-II,0,5.2828,2.8175,4.6175,peak,shared,5.2828,10.637,10.637,262.56,228.75,0.8712,4.302
rayleigh,M0_naive,5.0,SAIL I-II,1,5.2828,2.8175,4.6175,peak,shared,5.2828,10.637,14.874,333.43,299.62,0.8986,4.406
rayleigh,M0_naive,5.0,SAIL I-II,2,5.2828,2.8175,4.6175,peak,shared,5.2828,10.637,19.111,404.3,370.49,0.9164,4.473
rayleigh,M0_naive,10.0,SAIL I-II,0,5.2828,2.8175,4.6175,peak,shared,5.2828,10.637,10.637,262.56,228.75,0.8712,4.302
rayleigh,M0_naive,10.0,SAIL I-II,1,5.2828,2.8175,4.6175,peak,shared,5.2828,10.637,14.874,333.43,299.62,0.8986,4.406
rayleigh,M0_naive,10.0,SAIL I-II,2,5.2828,2.8175,4.6175,peak,shared,5.2828,10.637,19.111,404.3,370.49,0.9164,4.473
rayleigh,M0_naive,15.0,SAIL I-II,0,5.2828,2.8175,4.6175,peak,shared,5.2828,10.637,10.637,262.56,228.75,0.8712,4.302
rayleigh,M0_naive,15.0,SAIL I-II,1,5.2828,2.8175,4.6175,peak,shared,5.2828,10.637,14.874,333.43,299.62,0.8986,4.406
rayleigh,M0_naive,15.0,SAIL I-II,2,5.2828,2.8175,4.6175,peak,shared,5.2828,10.637,19.111,404.3,370.49,0.9164,4.473
rayleigh,M0_naive,20.0,SAIL I-II,0,5.2828,2.8175,4.6175,peak,shared,5.2828,10.637,10.637,262.56,228.75,0.8712,4.302
rayleigh,M0_naive,20.0,SAIL I-II,1,5.2828,2.8175,4.6175,peak,shared,5.2828,10.637,14.874,333.43,299.62,0.8986,4.406
rayleigh,M0_naive,20.0,SAIL I-II,2,5.2828,2.8175,4.6175,peak,shared,5.2828,10.637,19.111,404.3,370.49,0.9164,4.473
rician,M1_image,-5.0,SAIL I-II,0,4.123,2.1989,3.9989,peak,shared,4.123,10.019,10.019,255.13,228.75,0.8966,4.398
rician,M1_image,-5.0,SAIL I-II,1,4.123,2.1989,3.9989,peak,shared,4.123,10.019,14.256,326.0,299.62,0.9191,4.483
rician,M1_image,-5.0,SAIL I-II,2,4.123,2.1989,3.9989,peak,shared,4.123,10.019,18.493,396.87,370.49,0.9335,4.538
rician,M3_token,-5.0,SAIL I-II,0,0.0139,0.0074,1.8074,peak,shared,0.0532,7.827,7.827,228.83,228.75,0.9996,4.789
rician,M3_token,-5.0,SAIL I-II,1,0.0139,0.0074,1.8074,peak,shared,0.0532,7.827,12.064,299.7,299.62,0.9997,4.789
rician,M3_token,-5.0,SAIL I-II,2,0.0139,0.0074,1.8074,peak,shared,0.0532,7.827,16.301,370.57,370.49,0.9998,4.789
rician,M4_adaptive,-5.0,SAIL I-II,0,2.716,1.4485,3.2485,peak,shared,2.7295,9.269,9.269,246.13,228.75,0.9294,4.522
rician,M4_adaptive,-5.0,SAIL I-II,1,2.716,1.4485,3.2485,peak,shared,2.7295,9.269,13.505,317.0,299.62,0.9452,4.582
rician,M4_adaptive,-5.0,SAIL I-II,2,2.716,1.4485,3.2485,peak,shared,2.7295,9.269,17.742,387.87,370.49,0.9552,4.62
rician,M1_image,0.0,SAIL I-II,0,1.3703,0.7308,2.5308,peak,shared,1.3703,8.551,8.551,237.52,228.75,0.9631,4.65
rician,M1_image,0.0,SAIL I-II,1,1.3703,0.7308,2.5308,peak,shared,1.3703,8.551,12.788,308.39,299.62,0.9716,4.682
rician,M1_image,0.0,SAIL I-II,2,1.3703,0.7308,2.5308,peak,shared,1.3703,8.551,17.024,379.26,370.49,0.9769,4.702
rician,M3_token,0.0,SAIL I-II,0,0.0139,0.0074,1.8074,peak,shared,0.0532,7.827,7.827,228.83,228.75,0.9996,4.789
rician,M3_token,0.0,SAIL I-II,1,0.0139,0.0074,1.8074,peak,shared,0.0532,7.827,12.064,299.7,299.62,0.9997,4.789
rician,M3_token,0.0,SAIL I-II,2,0.0139,0.0074,1.8074,peak,shared,0.0532,7.827,16.301,370.57,370.49,0.9998,4.789
rician,M4_adaptive,0.0,SAIL I-II,0,0.9034,0.4818,2.2818,peak,shared,0.9169,8.302,8.302,234.53,228.75,0.9753,4.697
rician,M4_adaptive,0.0,SAIL I-II,1,0.9034,0.4818,2.2818,peak,shared,0.9169,8.302,12.539,305.4,299.62,0.9811,4.718
rician,M4_adaptive,0.0,SAIL I-II,2,0.9034,0.4818,2.2818,peak,shared,0.9169,8.302,16.775,376.27,370.49,0.9846,4.732
rician,M1_image,5.0,SAIL I-II,0,0.7838,0.418,2.218,peak,shared,0.7838,8.238,8.238,233.76,228.75,0.9785,4.709
rician,M1_image,5.0,SAIL I-II,1,0.7838,0.418,2.218,peak,shared,0.7838,8.238,12.475,304.63,299.62,0.9835,4.728
rician,M1_image,5.0,SAIL I-II,2,0.7838,0.418,2.218,peak,shared,0.7838,8.238,16.712,375.5,370.49,0.9866,4.739
rician,M3_token,5.0,SAIL I-II,0,0.0139,0.0074,1.8074,peak,shared,0.0532,7.827,7.827,228.83,228.75,0.9996,4.789
rician,M3_token,5.0,SAIL I-II,1,0.0139,0.0074,1.8074,peak,shared,0.0532,7.827,12.064,299.7,299.62,0.9997,4.789
rician,M3_token,5.0,SAIL I-II,2,0.0139,0.0074,1.8074,peak,shared,0.0532,7.827,16.301,370.57,370.49,0.9998,4.789
rician,M4_adaptive,5.0,SAIL I-II,0,0.5208,0.2778,2.0778,peak,shared,0.5343,8.098,8.098,232.08,228.75,0.9856,4.736
rician,M4_adaptive,5.0,SAIL I-II,1,0.5208,0.2778,2.0778,peak,shared,0.5343,8.098,12.335,302.95,299.62,0.989,4.748
rician,M4_adaptive,5.0,SAIL I-II,2,0.5208,0.2778,2.0778,peak,shared,0.5343,8.098,16.571,373.82,370.49,0.9911,4.756
rician,M1_image,10.0,SAIL I-II,0,0.6074,0.3239,2.1239,peak,shared,0.6074,8.144,8.144,232.63,228.75,0.9833,4.727
rician,M1_image,10.0,SAIL I-II,1,0.6074,0.3239,2.1239,peak,shared,0.6074,8.144,12.381,303.5,299.62,0.9872,4.741
rician,M1_image,10.0,SAIL I-II,2,0.6074,0.3239,2.1239,peak,shared,0.6074,8.144,16.618,374.37,370.49,0.9896,4.751
rician,M3_token,10.0,SAIL I-II,0,0.0139,0.0074,1.8074,peak,shared,0.0532,7.827,7.827,228.83,228.75,0.9996,4.789
rician,M3_token,10.0,SAIL I-II,1,0.0139,0.0074,1.8074,peak,shared,0.0532,7.827,12.064,299.7,299.62,0.9997,4.789
rician,M3_token,10.0,SAIL I-II,2,0.0139,0.0074,1.8074,peak,shared,0.0532,7.827,16.301,370.57,370.49,0.9998,4.789
rician,M4_adaptive,10.0,SAIL I-II,0,0.4044,0.2157,2.0157,peak,shared,0.4179,8.036,8.036,231.33,228.75,0.9888,4.748
rician,M4_adaptive,10.0,SAIL I-II,1,0.4044,0.2157,2.0157,peak,shared,0.4179,8.036,12.272,302.2,299.62,0.9914,4.758
rician,M4_adaptive,10.0,SAIL I-II,2,0.4044,0.2157,2.0157,peak,shared,0.4179,8.036,16.509,373.07,370.49,0.9931,4.764
rician,M1_image,15.0,SAIL I-II,0,0.4679,0.2495,2.0495,peak,shared,0.4679,8.07,8.07,231.74,228.75,0.9871,4.741
rician,M1_image,15.0,SAIL I-II,1,0.4679,0.2495,2.0495,peak,shared,0.4679,8.07,12.306,302.61,299.62,0.9901,4.752
rician,M1_image,15.0,SAIL I-II,2,0.4679,0.2495,2.0495,peak,shared,0.4679,8.07,16.543,373.48,370.49,0.992,4.76
rician,M3_token,15.0,SAIL I-II,0,0.0139,0.0074,1.8074,peak,shared,0.0532,7.827,7.827,228.83,228.75,0.9996,4.789
rician,M3_token,15.0,SAIL I-II,1,0.0139,0.0074,1.8074,peak,shared,0.0532,7.827,12.064,299.7,299.62,0.9997,4.789
rician,M3_token,15.0,SAIL I-II,2,0.0139,0.0074,1.8074,peak,shared,0.0532,7.827,16.301,370.57,370.49,0.9998,4.789
rician,M4_adaptive,15.0,SAIL I-II,0,0.3127,0.1668,1.9668,peak,shared,0.3262,7.987,7.987,230.75,228.75,0.9913,4.757
rician,M4_adaptive,15.0,SAIL I-II,1,0.3127,0.1668,1.9668,peak,shared,0.3262,7.987,12.224,301.62,299.62,0.9934,4.765
rician,M4_adaptive,15.0,SAIL I-II,2,0.3127,0.1668,1.9668,peak,shared,0.3262,7.987,16.46,372.49,370.49,0.9946,4.77
rician,M1_image,20.0,SAIL I-II,0,0.3527,0.1881,1.9881,peak,shared,0.3527,8.008,8.008,231.0,228.75,0.9902,4.753
rician,M1_image,20.0,SAIL I-II,1,0.3527,0.1881,1.9881,peak,shared,0.3527,8.008,12.245,301.87,299.62,0.9925,4.762
rician,M1_image,20.0,SAIL I-II,2,0.3527,0.1881,1.9881,peak,shared,0.3527,8.008,16.482,372.74,370.49,0.9939,4.767
rician,M3_token,20.0,SAIL I-II,0,0.0139,0.0074,1.8074,peak,shared,0.0532,7.827,7.827,228.83,228.75,0.9996,4.789
rician,M3_token,20.0,SAIL I-II,1,0.0139,0.0074,1.8074,peak,shared,0.0532,7.827,12.064,299.7,299.62,0.9997,4.789
rician,M3_token,20.0,SAIL I-II,2,0.0139,0.0074,1.8074,peak,shared,0.0532,7.827,16.301,370.57,370.49,0.9998,4.789
rician,M4_adaptive,20.0,SAIL I-II,0,0.2371,0.1265,1.9265,peak,shared,0.2506,7.946,7.946,230.26,228.75,0.9934,4.765
rician,M4_adaptive,20.0,SAIL I-II,1,0.2371,0.1265,1.9265,peak,shared,0.2506,7.946,12.183,301.13,299.62,0.995,4.771
rician,M4_adaptive,20.0,SAIL I-II,2,0.2371,0.1265,1.9265,peak,shared,0.2506,7.946,16.42,372.0,370.49,0.9959,4.775
rician,M2_analog,-5.0,SAIL I-II,0,0.3,0.16,1.96,peak,shared,0.3,7.98,7.98,230.67,228.75,0.9917,4.758
rician,M2_analog,-5.0,SAIL I-II,1,0.3,0.16,1.96,peak,shared,0.3,7.98,12.217,301.54,299.62,0.9936,4.766
rician,M2_analog,-5.0,SAIL I-II,2,0.3,0.16,1.96,peak,shared,0.3,7.98,16.454,372.41,370.49,0.9948,4.77
rician,M2_analog,0.0,SAIL I-II,0,0.3,0.16,1.96,peak,shared,0.3,7.98,7.98,230.67,228.75,0.9917,4.758
rician,M2_analog,0.0,SAIL I-II,1,0.3,0.16,1.96,peak,shared,0.3,7.98,12.217,301.54,299.62,0.9936,4.766
rician,M2_analog,0.0,SAIL I-II,2,0.3,0.16,1.96,peak,shared,0.3,7.98,16.454,372.41,370.49,0.9948,4.77
rician,M2_analog,5.0,SAIL I-II,0,0.3,0.16,1.96,peak,shared,0.3,7.98,7.98,230.67,228.75,0.9917,4.758
rician,M2_analog,5.0,SAIL I-II,1,0.3,0.16,1.96,peak,shared,0.3,7.98,12.217,301.54,299.62,0.9936,4.766
rician,M2_analog,5.0,SAIL I-II,2,0.3,0.16,1.96,peak,shared,0.3,7.98,16.454,372.41,370.49,0.9948,4.77
rician,M2_analog,10.0,SAIL I-II,0,0.3,0.16,1.96,peak,shared,0.3,7.98,7.98,230.67,228.75,0.9917,4.758
rician,M2_analog,10.0,SAIL I-II,1,0.3,0.16,1.96,peak,shared,0.3,7.98,12.217,301.54,299.62,0.9936,4.766
rician,M2_analog,10.0,SAIL I-II,2,0.3,0.16,1.96,peak,shared,0.3,7.98,16.454,372.41,370.49,0.9948,4.77
rician,M2_analog,15.0,SAIL I-II,0,0.3,0.16,1.96,peak,shared,0.3,7.98,7.98,230.67,228.75,0.9917,4.758
rician,M2_analog,15.0,SAIL I-II,1,0.3,0.16,1.96,peak,shared,0.3,7.98,12.217,301.54,299.62,0.9936,4.766
rician,M2_analog,15.0,SAIL I-II,2,0.3,0.16,1.96,peak,shared,0.3,7.98,16.454,372.41,370.49,0.9948,4.77
rician,M2_analog,20.0,SAIL I-II,0,0.3,0.16,1.96,peak,shared,0.3,7.98,7.98,230.67,228.75,0.9917,4.758
rician,M2_analog,20.0,SAIL I-II,1,0.3,0.16,1.96,peak,shared,0.3,7.98,12.217,301.54,299.62,0.9936,4.766
rician,M2_analog,20.0,SAIL I-II,2,0.3,0.16,1.96,peak,shared,0.3,7.98,16.454,372.41,370.49,0.9948,4.77
rician,M0_naive,-5.0,SAIL I-II,0,5.3206,2.8377,4.6377,peak,shared,5.3206,10.658,10.658,262.8,228.75,0.8704,4.299
rician,M0_naive,-5.0,SAIL I-II,1,5.3206,2.8377,4.6377,peak,shared,5.3206,10.658,14.894,333.67,299.62,0.8979,4.403
rician,M0_naive,-5.0,SAIL I-II,2,5.3206,2.8377,4.6377,peak,shared,5.3206,10.658,19.131,404.54,370.49,0.9158,4.471
rician,M0_naive,0.0,SAIL I-II,0,5.3206,2.8377,4.6377,peak,shared,5.3206,10.658,10.658,262.8,228.75,0.8704,4.299
rician,M0_naive,0.0,SAIL I-II,1,5.3206,2.8377,4.6377,peak,shared,5.3206,10.658,14.894,333.67,299.62,0.8979,4.403
rician,M0_naive,0.0,SAIL I-II,2,5.3206,2.8377,4.6377,peak,shared,5.3206,10.658,19.131,404.54,370.49,0.9158,4.471
rician,M0_naive,5.0,SAIL I-II,0,5.3206,2.8377,4.6377,peak,shared,5.3206,10.658,10.658,262.8,228.75,0.8704,4.299
rician,M0_naive,5.0,SAIL I-II,1,5.3206,2.8377,4.6377,peak,shared,5.3206,10.658,14.894,333.67,299.62,0.8979,4.403
rician,M0_naive,5.0,SAIL I-II,2,5.3206,2.8377,4.6377,peak,shared,5.3206,10.658,19.131,404.54,370.49,0.9158,4.471
rician,M0_naive,10.0,SAIL I-II,0,5.3206,2.8377,4.6377,peak,shared,5.3206,10.658,10.658,262.8,228.75,0.8704,4.299
rician,M0_naive,10.0,SAIL I-II,1,5.3206,2.8377,4.6377,peak,shared,5.3206,10.658,14.894,333.67,299.62,0.8979,4.403
rician,M0_naive,10.0,SAIL I-II,2,5.3206,2.8377,4.6377,peak,shared,5.3206,10.658,19.131,404.54,370.49,0.9158,4.471
rician,M0_naive,15.0,SAIL I-II,0,5.3206,2.8377,4.6377,peak,shared,5.3206,10.658,10.658,262.8,228.75,0.8704,4.299
rician,M0_naive,15.0,SAIL I-II,1,5.3206,2.8377,4.6377,peak,shared,5.3206,10.658,14.894,333.67,299.62,0.8979,4.403
rician,M0_naive,15.0,SAIL I-II,2,5.3206,2.8377,4.6377,peak,shared,5.3206,10.658,19.131,404.54,370.49,0.9158,4.471
rician,M0_naive,20.0,SAIL I-II,0,5.3206,2.8377,4.6377,peak,shared,5.3206,10.658,10.658,262.8,228.75,0.8704,4.299
rician,M0_naive,20.0,SAIL I-II,1,5.3206,2.8377,4.6377,peak,shared,5.3206,10.658,14.894,333.67,299.62,0.8979,4.403
rician,M0_naive,20.0,SAIL I-II,2,5.3206,2.8377,4.6377,peak,shared,5.3206,10.658,19.131,404.54,370.49,0.9158,4.471
awgn,M1_image,-5.0,SAIL I-II,0,4.0124,2.1399,3.9399,peak,shared,4.0124,9.96,9.96,254.43,228.75,0.8991,4.407
awgn,M1_image,-5.0,SAIL I-II,1,4.0124,2.1399,3.9399,peak,shared,4.0124,9.96,14.197,325.3,299.62,0.9211,4.491
awgn,M1_image,-5.0,SAIL I-II,2,4.0124,2.1399,3.9399,peak,shared,4.0124,9.96,18.434,396.17,370.49,0.9352,4.544
awgn,M3_token,-5.0,SAIL I-II,0,0.0139,0.0074,1.8074,peak,shared,0.0511,7.827,7.827,228.83,228.75,0.9996,4.789
awgn,M3_token,-5.0,SAIL I-II,1,0.0139,0.0074,1.8074,peak,shared,0.0511,7.827,12.064,299.7,299.62,0.9997,4.789
awgn,M3_token,-5.0,SAIL I-II,2,0.0139,0.0074,1.8074,peak,shared,0.0511,7.827,16.301,370.57,370.49,0.9998,4.789
awgn,M4_adaptive,-5.0,SAIL I-II,0,2.6432,1.4097,3.2097,peak,shared,2.6559,9.23,9.23,245.66,228.75,0.9311,4.529
awgn,M4_adaptive,-5.0,SAIL I-II,1,2.6432,1.4097,3.2097,peak,shared,2.6559,9.23,13.466,316.53,299.62,0.9466,4.587
awgn,M4_adaptive,-5.0,SAIL I-II,2,2.6432,1.4097,3.2097,peak,shared,2.6559,9.23,17.703,387.4,370.49,0.9563,4.625
awgn,M1_image,0.0,SAIL I-II,0,1.241,0.6619,2.4619,peak,shared,1.241,8.482,8.482,236.69,228.75,0.9664,4.663
awgn,M1_image,0.0,SAIL I-II,1,1.241,0.6619,2.4619,peak,shared,1.241,8.482,12.719,307.56,299.62,0.9742,4.692
awgn,M1_image,0.0,SAIL I-II,2,1.241,0.6619,2.4619,peak,shared,1.241,8.482,16.955,378.43,370.49,0.979,4.71
awgn,M3_token,0.0,SAIL I-II,0,0.0139,0.0074,1.8074,peak,shared,0.0511,7.827,7.827,228.83,228.75,0.9996,4.789
awgn,M3_token,0.0,SAIL I-II,1,0.0139,0.0074,1.8074,peak,shared,0.0511,7.827,12.064,299.7,299.62,0.9997,4.789
awgn,M3_token,0.0,SAIL I-II,2,0.0139,0.0074,1.8074,peak,shared,0.0511,7.827,16.301,370.57,370.49,0.9998,4.789
awgn,M4_adaptive,0.0,SAIL I-II,0,0.8221,0.4385,2.2385,peak,shared,0.8348,8.258,8.258,234.01,228.75,0.9775,4.705
awgn,M4_adaptive,0.0,SAIL I-II,1,0.8221,0.4385,2.2385,peak,shared,0.8348,8.258,12.495,304.88,299.62,0.9827,4.725
awgn,M4_adaptive,0.0,SAIL I-II,2,0.8221,0.4385,2.2385,peak,shared,0.8348,8.258,16.732,375.75,370.49,0.986,4.737
awgn,M1_image,5.0,SAIL I-II,0,0.761,0.4059,2.2059,peak,shared,0.761,8.226,8.226,233.62,228.75,0.9792,4.711
awgn,M1_image,5.0,SAIL I-II,1,0.761,0.4059,2.2059,peak,shared,0.761,8.226,12.463,304.49,299.62,0.984,4.729
awgn,M1_image,5.0,SAIL I-II,2,0.761,0.4059,2.2059,peak,shared,0.761,8.226,16.699,375.36,370.49,0.987,4.741
awgn,M3_token,5.0,SAIL I-II,0,0.0139,0.0074,1.8074,peak,shared,0.0511,7.827,7.827,228.83,228.75,0.9996,4.789
awgn,M3_token,5.0,SAIL I-II,1,0.0139,0.0074,1.8074,peak,shared,0.0511,7.827,12.064,299.7,299.62,0.9997,4.789
awgn,M3_token,5.0,SAIL I-II,2,0.0139,0.0074,1.8074,peak,shared,0.0511,7.827,16.301,370.57,370.49,0.9998,4.789
awgn,M4_adaptive,5.0,SAIL I-II,0,0.5055,0.2696,2.0696,peak,shared,0.5182,8.09,8.09,231.98,228.75,0.9861,4.737
awgn,M4_adaptive,5.0,SAIL I-II,1,0.5055,0.2696,2.0696,peak,shared,0.5182,8.09,12.326,302.85,299.62,0.9893,4.75
awgn,M4_adaptive,5.0,SAIL I-II,2,0.5055,0.2696,2.0696,peak,shared,0.5182,8.09,16.563,373.72,370.49,0.9913,4.757
awgn,M1_image,10.0,SAIL I-II,0,0.5866,0.3129,2.1129,peak,shared,0.5866,8.133,8.133,232.5,228.75,0.9839,4.729
awgn,M1_image,10.0,SAIL I-II,1,0.5866,0.3129,2.1129,peak,shared,0.5866,8.133,12.37,303.37,299.62,0.9876,4.743
awgn,M1_image,10.0,SAIL I-II,2,0.5866,0.3129,2.1129,peak,shared,0.5866,8.133,16.606,374.24,370.49,0.99,4.752
awgn,M3_token,10.0,SAIL I-II,0,0.0139,0.0074,1.8074,peak,shared,0.0511,7.827,7.827,228.83,228.75,0.9996,4.789
awgn,M3_token,10.0,SAIL I-II,1,0.0139,0.0074,1.8074,peak,shared,0.0511,7.827,12.064,299.7,299.62,0.9997,4.789
awgn,M3_token,10.0,SAIL I-II,2,0.0139,0.0074,1.8074,peak,shared,0.0511,7.827,16.301,370.57,370.49,0.9998,4.789
awgn,M4_adaptive,10.0,SAIL I-II,0,0.391,0.2085,2.0085,peak,shared,0.4037,8.029,8.029,231.25,228.75,0.9892,4.749
awgn,M4_adaptive,10.0,SAIL I-II,1,0.391,0.2085,2.0085,peak,shared,0.4037,8.029,12.265,302.12,299.62,0.9917,4.759
awgn,M4_adaptive,10.0,SAIL I-II,2,0.391,0.2085,2.0085,peak,shared,0.4037,8.029,16.502,372.99,370.49,0.9933,4.765
awgn,M1_image,15.0,SAIL I-II,0,0.4445,0.2371,2.0371,peak,shared,0.4445,8.057,8.057,231.59,228.75,0.9877,4.743
awgn,M1_image,15.0,SAIL I-II,1,0.4445,0.2371,2.0371,peak,shared,0.4445,8.057,12.294,302.46,299.62,0.9906,4.754
awgn,M1_image,15.0,SAIL I-II,2,0.4445,0.2371,2.0371,peak,shared,0.4445,8.057,16.531,373.33,370.49,0.9924,4.761
awgn,M3_token,15.0,SAIL I-II,0,0.0139,0.0074,1.8074,peak,shared,0.0511,7.827,7.827,228.83,228.75,0.9996,4.789
awgn,M3_token,15.0,SAIL I-II,1,0.0139,0.0074,1.8074,peak,shared,0.0511,7.827,12.064,299.7,299.62,0.9997,4.789
awgn,M3_token,15.0,SAIL I-II,2,0.0139,0.0074,1.8074,peak,shared,0.0511,7.827,16.301,370.57,370.49,0.9998,4.789
awgn,M4_adaptive,15.0,SAIL I-II,0,0.2974,0.1586,1.9586,peak,shared,0.3101,7.979,7.979,230.65,228.75,0.9917,4.759
awgn,M4_adaptive,15.0,SAIL I-II,1,0.2974,0.1586,1.9586,peak,shared,0.3101,7.979,12.215,301.52,299.62,0.9937,4.766
awgn,M4_adaptive,15.0,SAIL I-II,2,0.2974,0.1586,1.9586,peak,shared,0.3101,7.979,16.452,372.39,370.49,0.9949,4.771
awgn,M1_image,20.0,SAIL I-II,0,0.3383,0.1804,1.9804,peak,shared,0.3383,8.0,8.0,230.91,228.75,0.9906,4.754
awgn,M1_image,20.0,SAIL I-II,1,0.3383,0.1804,1.9804,peak,shared,0.3383,8.0,12.237,301.78,299.62,0.9928,4.763
awgn,M1_image,20.0,SAIL I-II,2,0.3383,0.1804,1.9804,peak,shared,0.3383,8.0,16.474,372.65,370.49,0.9942,4.768
awgn,M3_token,20.0,SAIL I-II,0,0.0139,0.0074,1.8074,peak,shared,0.0511,7.827,7.827,228.83,228.75,0.9996,4.789
awgn,M3_token,20.0,SAIL I-II,1,0.0139,0.0074,1.8074,peak,shared,0.0511,7.827,12.064,299.7,299.62,0.9997,4.789
awgn,M3_token,20.0,SAIL I-II,2,0.0139,0.0074,1.8074,peak,shared,0.0511,7.827,16.301,370.57,370.49,0.9998,4.789
awgn,M4_adaptive,20.0,SAIL I-II,0,0.2277,0.1214,1.9214,peak,shared,0.2404,7.941,7.941,230.2,228.75,0.9937,4.766
awgn,M4_adaptive,20.0,SAIL I-II,1,0.2277,0.1214,1.9214,peak,shared,0.2404,7.941,12.178,301.07,299.62,0.9952,4.772
awgn,M4_adaptive,20.0,SAIL I-II,2,0.2277,0.1214,1.9214,peak,shared,0.2404,7.941,16.415,371.94,370.49,0.9961,4.775
awgn,M2_analog,-5.0,SAIL I-II,0,0.3,0.16,1.96,peak,shared,0.3,7.98,7.98,230.67,228.75,0.9917,4.758
awgn,M2_analog,-5.0,SAIL I-II,1,0.3,0.16,1.96,peak,shared,0.3,7.98,12.217,301.54,299.62,0.9936,4.766
awgn,M2_analog,-5.0,SAIL I-II,2,0.3,0.16,1.96,peak,shared,0.3,7.98,16.454,372.41,370.49,0.9948,4.77
awgn,M2_analog,0.0,SAIL I-II,0,0.3,0.16,1.96,peak,shared,0.3,7.98,7.98,230.67,228.75,0.9917,4.758
awgn,M2_analog,0.0,SAIL I-II,1,0.3,0.16,1.96,peak,shared,0.3,7.98,12.217,301.54,299.62,0.9936,4.766
awgn,M2_analog,0.0,SAIL I-II,2,0.3,0.16,1.96,peak,shared,0.3,7.98,16.454,372.41,370.49,0.9948,4.77
awgn,M2_analog,5.0,SAIL I-II,0,0.3,0.16,1.96,peak,shared,0.3,7.98,7.98,230.67,228.75,0.9917,4.758
awgn,M2_analog,5.0,SAIL I-II,1,0.3,0.16,1.96,peak,shared,0.3,7.98,12.217,301.54,299.62,0.9936,4.766
awgn,M2_analog,5.0,SAIL I-II,2,0.3,0.16,1.96,peak,shared,0.3,7.98,16.454,372.41,370.49,0.9948,4.77
awgn,M2_analog,10.0,SAIL I-II,0,0.3,0.16,1.96,peak,shared,0.3,7.98,7.98,230.67,228.75,0.9917,4.758
awgn,M2_analog,10.0,SAIL I-II,1,0.3,0.16,1.96,peak,shared,0.3,7.98,12.217,301.54,299.62,0.9936,4.766
awgn,M2_analog,10.0,SAIL I-II,2,0.3,0.16,1.96,peak,shared,0.3,7.98,16.454,372.41,370.49,0.9948,4.77
awgn,M2_analog,15.0,SAIL I-II,0,0.3,0.16,1.96,peak,shared,0.3,7.98,7.98,230.67,228.75,0.9917,4.758
awgn,M2_analog,15.0,SAIL I-II,1,0.3,0.16,1.96,peak,shared,0.3,7.98,12.217,301.54,299.62,0.9936,4.766
awgn,M2_analog,15.0,SAIL I-II,2,0.3,0.16,1.96,peak,shared,0.3,7.98,16.454,372.41,370.49,0.9948,4.77
awgn,M2_analog,20.0,SAIL I-II,0,0.3,0.16,1.96,peak,shared,0.3,7.98,7.98,230.67,228.75,0.9917,4.758
awgn,M2_analog,20.0,SAIL I-II,1,0.3,0.16,1.96,peak,shared,0.3,7.98,12.217,301.54,299.62,0.9936,4.766
awgn,M2_analog,20.0,SAIL I-II,2,0.3,0.16,1.96,peak,shared,0.3,7.98,16.454,372.41,370.49,0.9948,4.77
awgn,M0_naive,-5.0,SAIL I-II,0,5.3209,2.8378,4.6378,peak,shared,5.3209,10.658,10.658,262.8,228.75,0.8704,4.299
awgn,M0_naive,-5.0,SAIL I-II,1,5.3209,2.8378,4.6378,peak,shared,5.3209,10.658,14.895,333.67,299.62,0.8979,4.403
awgn,M0_naive,-5.0,SAIL I-II,2,5.3209,2.8378,4.6378,peak,shared,5.3209,10.658,19.131,404.54,370.49,0.9158,4.471
awgn,M0_naive,0.0,SAIL I-II,0,5.3209,2.8378,4.6378,peak,shared,5.3209,10.658,10.658,262.8,228.75,0.8704,4.299
awgn,M0_naive,0.0,SAIL I-II,1,5.3209,2.8378,4.6378,peak,shared,5.3209,10.658,14.895,333.67,299.62,0.8979,4.403
awgn,M0_naive,0.0,SAIL I-II,2,5.3209,2.8378,4.6378,peak,shared,5.3209,10.658,19.131,404.54,370.49,0.9158,4.471
awgn,M0_naive,5.0,SAIL I-II,0,5.3209,2.8378,4.6378,peak,shared,5.3209,10.658,10.658,262.8,228.75,0.8704,4.299
awgn,M0_naive,5.0,SAIL I-II,1,5.3209,2.8378,4.6378,peak,shared,5.3209,10.658,14.895,333.67,299.62,0.8979,4.403
awgn,M0_naive,5.0,SAIL I-II,2,5.3209,2.8378,4.6378,peak,shared,5.3209,10.658,19.131,404.54,370.49,0.9158,4.471
awgn,M0_naive,10.0,SAIL I-II,0,5.3209,2.8378,4.6378,peak,shared,5.3209,10.658,10.658,262.8,228.75,0.8704,4.299
awgn,M0_naive,10.0,SAIL I-II,1,5.3209,2.8378,4.6378,peak,shared,5.3209,10.658,14.895,333.67,299.62,0.8979,4.403
awgn,M0_naive,10.0,SAIL I-II,2,5.3209,2.8378,4.6378,peak,shared,5.3209,10.658,19.131,404.54,370.49,0.9158,4.471
awgn,M0_naive,15.0,SAIL I-II,0,5.3209,2.8378,4.6378,peak,shared,5.3209,10.658,10.658,262.8,228.75,0.8704,4.299
awgn,M0_naive,15.0,SAIL I-II,1,5.3209,2.8378,4.6378,peak,shared,5.3209,10.658,14.895,333.67,299.62,0.8979,4.403
awgn,M0_naive,15.0,SAIL I-II,2,5.3209,2.8378,4.6378,peak,shared,5.3209,10.658,19.131,404.54,370.49,0.9158,4.471
awgn,M0_naive,20.0,SAIL I-II,0,5.3209,2.8378,4.6378,peak,shared,5.3209,10.658,10.658,262.8,228.75,0.8704,4.299
awgn,M0_naive,20.0,SAIL I-II,1,5.3209,2.8378,4.6378,peak,shared,5.3209,10.658,14.895,333.67,299.62,0.8979,4.403
awgn,M0_naive,20.0,SAIL I-II,2,5.3209,2.8378,4.6378,peak,shared,5.3209,10.658,19.131,404.54,370.49,0.9158,4.471
